ticker,ex_date,action,value
ALPN,2015-05-04,dividend,1.8
EDLW,2015-05-04,dividend,2.94
HLVT,2015-05-04,dividend,2.98
DELT,2015-05-04,dividend,1.37
IBEX,2015-05-04,dividend,3.31
CRYS,2015-05-04,dividend,1.09
JURA,2015-05-04,dividend,19.13
BRGN,2015-05-04,dividend,4.51
FJRD,2015-05-04,dividend,0.62
JURA,2016-05-02,dividend,20.36
IBEX,2016-05-02,dividend,2.72
FJRD,2016-05-02,dividend,0.59
CRYS,2016-05-02,dividend,1.35
ALPN,2016-05-02,dividend,2.23
EDLW,2016-05-02,dividend,1.73
HLVT,2016-05-02,dividend,2.69
BRGN,2016-05-02,dividend,5.55
DELT,2016-05-02,dividend,1.48
ALPN,2017-05-02,dividend,3.36
JURA,2017-05-02,dividend,35.98
IBEX,2017-05-02,dividend,2.75
HLVT,2017-05-02,dividend,2.52
BRGN,2017-05-02,dividend,10.24
CRYS,2017-05-02,dividend,1.98
FJRD,2017-05-02,dividend,0.67
DELT,2017-05-02,dividend,2.49
EDLW,2017-05-02,dividend,2.11
EDLW,2018-05-02,dividend,2.45
FJRD,2018-05-02,dividend,0.73
HLVT,2018-05-02,dividend,2.42
DELT,2018-05-02,dividend,1.77
CRYS,2018-05-02,dividend,2.4
JURA,2018-05-02,dividend,47.16
IBEX,2018-05-02,dividend,2.43
BRGN,2018-05-02,dividend,11.55
ALPN,2018-05-02,dividend,3.2
HLVT,2019-05-02,dividend,1.7
ALPN,2019-05-02,dividend,2.46
DELT,2019-05-02,dividend,1.38
CRYS,2019-05-02,dividend,1.67
IBEX,2019-05-02,dividend,1.77
JURA,2019-05-02,dividend,50.86
BRGN,2019-05-02,dividend,11.25
EDLW,2019-05-02,dividend,1.88
FJRD,2019-05-02,dividend,0.48
BRGN,2019-05-15,split,2.0
HLVT,2020-05-04,dividend,1.99
JURA,2020-05-04,dividend,57.11
FJRD,2020-05-04,dividend,0.45
IBEX,2020-05-04,dividend,1.1
EDLW,2020-05-04,dividend,1.55
DELT,2020-05-04,dividend,1.52
CRYS,2020-05-04,dividend,1.95
BRGN,2020-05-04,dividend,5.84
ALPN,2020-05-04,dividend,3.46
IBEX,2021-05-03,dividend,0.86
HELV,2021-05-03,dividend,2.08
DELT,2021-05-03,dividend,0.96
ALPN,2021-05-03,dividend,2.55
CRYS,2021-05-03,dividend,0.98
FJRD,2021-05-03,dividend,0.38
JURA,2021-05-03,dividend,65.76
EDLW,2021-05-03,dividend,1.25
BRGN,2021-05-03,dividend,4.62
IBEX,2021-07-01,split,3.0
ALPN,2022-05-02,dividend,2.81
DELT,2022-05-02,dividend,1.32
BRGN,2022-05-02,dividend,5.72
CRYS,2022-05-02,dividend,0.72
HELV,2022-05-02,dividend,2.82
JURA,2022-05-02,dividend,69.58
IBEX,2022-05-02,dividend,0.36
EDLW,2022-05-02,dividend,1.17
FJRD,2022-05-02,dividend,0.48
ALPN,2023-05-02,dividend,2.35
IBEX,2023-05-02,dividend,0.3
EDLW,2023-05-02,dividend,1.6
HELV,2023-05-02,dividend,2.82
CRYS,2023-05-02,dividend,0.46
DELT,2023-05-02,dividend,1.35
FJRD,2023-05-02,dividend,0.42
JURA,2023-05-02,dividend,84.37
BRGN,2023-05-02,dividend,6.48
BRGN,2024-05-02,dividend,7.75
EDLW,2024-05-02,dividend,1.75
HELV,2024-05-02,dividend,3.86
IBEX,2024-05-02,dividend,0.48
ALPN,2024-05-02,dividend,2.9
FJRD,2024-05-02,dividend,0.62
DELT,2024-05-02,dividend,1.44
JURA,2024-05-02,dividend,78.31
