ticker,fiscal_year_end,report_date,currency,net_income_m,shares_m
ALPN,2014-12-31,2015-03-20,CHF,315.6,100.0
ALPN,2015-12-31,2016-04-03,CHF,366.2,100.0
ALPN,2016-12-31,2017-03-10,CHF,371.3,100.0
ALPN,2017-12-31,2018-03-05,CHF,394.5,100.0
ALPN,2018-12-31,2019-03-05,CHF,330.3,100.0
ALPN,2019-12-31,2020-03-29,CHF,480.4,100.0
ALPN,2020-12-31,2021-03-25,CHF,526.4,100.0
ALPN,2021-12-31,2022-03-30,CHF,453.1,100.0
ALPN,2022-12-31,2023-04-13,CHF,467.3,100.0
ALPN,2023-12-31,2024-04-09,CHF,609.7,100.0
BRGN,2014-12-31,2015-03-04,CHF,1342.5,100.0
BRGN,2015-12-31,2016-04-09,CHF,1447.7,100.0
BRGN,2016-12-31,2017-03-22,CHF,1184.1,100.0
BRGN,2017-12-31,2018-03-29,CHF,1306.2,100.0
BRGN,2018-12-31,2019-03-08,CHF,1498.9,100.0
BRGN,2019-12-31,2020-03-18,CHF,2590.8,200.0
BRGN,2020-12-31,2021-03-20,CHF,3038.4,200.0
BRGN,2021-12-31,2022-03-15,CHF,3440.7,200.0
BRGN,2022-12-31,2023-03-01,CHF,2862.5,200.0
BRGN,2023-12-31,2024-03-04,CHF,3544.1,200.0
CRYS,2014-12-31,2015-03-10,CHF,154.1,100.0
CRYS,2015-12-31,2016-03-22,CHF,182.7,100.0
CRYS,2016-12-31,2017-03-09,CHF,135.8,100.0
CRYS,2017-12-31,2018-03-07,CHF,171.8,100.0
CRYS,2018-12-31,2019-03-24,CHF,270.0,100.0
CRYS,2019-12-31,2020-04-07,CHF,222.1,100.0
CRYS,2020-12-31,2021-03-19,CHF,224.9,100.0
CRYS,2021-12-31,2022-04-02,CHF,223.9,100.0
CRYS,2022-12-31,2023-04-13,CHF,182.6,100.0
DELT,2014-12-31,2015-03-10,EUR,448.6,100.0
DELT,2015-12-31,2016-04-04,EUR,488.4,100.0
DELT,2016-12-31,2017-03-16,EUR,520.7,100.0
DELT,2017-12-31,2018-04-11,EUR,513.2,100.0
DELT,2018-12-31,2019-04-11,EUR,570.6,100.0
DELT,2019-12-31,2020-03-24,EUR,786.1,100.0
DELT,2020-12-31,2021-03-20,EUR,705.6,100.0
DELT,2021-12-31,2022-04-13,EUR,585.1,100.0
DELT,2022-12-31,2023-04-11,EUR,670.1,100.0
DELT,2023-12-31,2024-04-12,EUR,543.9,100.0
EDLW,2014-12-31,2015-04-10,CHF,751.1,100.0
EDLW,2015-12-31,2016-03-02,CHF,741.0,100.0
EDLW,2016-12-31,2017-03-01,CHF,570.1,100.0
EDLW,2017-12-31,2018-03-16,CHF,645.0,100.0
EDLW,2018-12-31,2019-04-09,CHF,633.7,100.0
EDLW,2019-12-31,2020-04-03,CHF,773.2,100.0
EDLW,2020-12-31,2021-03-10,CHF,1027.0,100.0
EDLW,2021-12-31,2022-03-10,CHF,845.9,100.0
EDLW,2022-12-31,2023-04-02,CHF,1021.9,100.0
EDLW,2023-12-31,2024-03-17,CHF,830.6,100.0
FJRD,2014-12-31,2015-03-09,USD,210.5,100.0
FJRD,2015-12-31,2016-03-19,USD,244.3,100.0
FJRD,2016-12-31,2017-04-11,USD,243.8,100.0
FJRD,2017-12-31,2018-03-10,USD,328.8,100.0
FJRD,2018-12-31,2019-04-13,USD,341.7,100.0
FJRD,2019-12-31,2020-04-13,USD,313.2,100.0
FJRD,2020-12-31,2021-03-26,USD,289.1,100.0
FJRD,2021-12-31,2022-03-23,USD,344.1,100.0
FJRD,2022-12-31,2023-03-18,USD,384.8,100.0
FJRD,2023-12-31,2024-04-09,USD,341.1,100.0
GLAC,2018-12-31,2019-04-11,CHF,248.9,100.0
GLAC,2019-12-31,2020-03-31,CHF,295.3,100.0
GLAC,2020-12-31,2021-04-09,CHF,251.1,100.0
GLAC,2021-12-31,2022-03-08,CHF,264.0,100.0
GLAC,2022-12-31,2023-03-27,CHF,196.0,100.0
GLAC,2023-12-31,2024-04-03,CHF,308.5,100.0
HLVT,2014-12-31,2015-03-02,CHF,820.2,100.0
HLVT,2015-12-31,2016-03-04,CHF,794.7,100.0
HLVT,2016-12-31,2017-03-11,CHF,703.4,100.0
HLVT,2017-12-31,2018-04-03,CHF,628.3,100.0
HLVT,2018-12-31,2019-03-05,CHF,936.2,100.0
HLVT,2019-12-31,2020-03-06,CHF,870.5,100.0
HELV,2020-12-31,2021-03-01,CHF,908.9,100.0
HELV,2021-12-31,2022-04-13,CHF,991.2,100.0
HELV,2022-12-31,2023-03-22,CHF,845.9,100.0
HELV,2023-12-31,2024-03-15,CHF,969.7,100.0
IBEX,2014-12-31,2015-04-01,EUR,900.6,100.0
IBEX,2015-12-31,2016-03-07,EUR,1098.0,100.0
IBEX,2016-12-31,2017-04-05,EUR,1068.5,100.0
IBEX,2017-12-31,2018-03-21,EUR,1247.8,100.0
IBEX,2018-12-31,2019-03-28,EUR,1069.1,100.0
IBEX,2019-12-31,2020-03-24,EUR,849.1,100.0
IBEX,2020-12-31,2021-04-01,EUR,1303.6,100.0
IBEX,2021-12-31,2022-03-22,EUR,3437.1,300.0
IBEX,2022-12-31,2023-03-01,EUR,4371.6,300.0
IBEX,2023-12-31,2024-03-25,EUR,3563.5,300.0
JURA,2014-12-31,2015-03-13,CHF,8633.3,100.0
JURA,2015-12-31,2016-03-10,CHF,10033.7,100.0
JURA,2016-12-31,2017-03-01,CHF,7867.6,100.0
JURA,2017-12-31,2018-03-18,CHF,8457.4,100.0
JURA,2018-12-31,2019-04-01,CHF,7802.1,100.0
JURA,2019-12-31,2020-03-04,CHF,9528.3,100.0
JURA,2020-12-31,2021-04-07,CHF,8315.9,100.0
JURA,2021-12-31,2022-04-08,CHF,9035.1,100.0
JURA,2022-12-31,2023-04-07,CHF,10979.5,100.0
JURA,2023-12-31,2024-04-10,CHF,8965.1,100.0
