date,EURCHF,USDCHF
2015-01-02,1.0689,0.9712
2015-01-05,1.0721,0.9664
2015-01-06,1.0704,0.9632
2015-01-07,1.0663,0.9703
2015-01-08,1.0593,0.9672
2015-01-09,1.0595,0.9612
2015-01-12,1.0572,0.9624
2015-01-13,1.0601,0.963
2015-01-14,1.0576,0.9591
2015-01-15,1.0587,0.9655
2015-01-16,1.06,0.96
2015-01-19,1.0622,0.9577
2015-01-20,1.0654,0.9599
2015-01-21,1.0557,0.9571
2015-01-22,1.0584,0.9569
2015-01-23,1.051,0.9636
2015-01-26,1.0502,0.9538
2015-01-27,1.0545,0.9505
2015-01-28,1.0602,0.9564
2015-01-29,1.0679,0.959
2015-01-30,1.0729,0.9591
2015-02-02,1.0708,0.9637
2015-02-03,1.0669,0.967
2015-02-04,1.0654,0.9665
2015-02-05,1.0688,0.9612
2015-02-06,1.0695,0.9664
2015-02-09,1.0813,0.962
2015-02-10,1.0856,0.9582
2015-02-11,1.0843,0.9626
2015-02-12,1.0926,0.9679
2015-02-13,1.092,0.9667
2015-02-16,1.0891,0.9649
2015-02-17,1.0916,0.9679
2015-02-18,1.1,0.9692
2015-02-19,1.0979,0.9663
2015-02-20,1.0977,0.9679
2015-02-23,1.0992,0.9657
2015-02-24,1.0961,0.9598
2015-02-25,1.0969,0.9574
2015-02-26,1.0964,0.9588
2015-02-27,1.0978,0.9544
2015-03-02,1.1002,0.959
2015-03-03,1.1005,0.9645
2015-03-04,1.0995,0.9519
2015-03-05,1.1001,0.9523
2015-03-06,1.0993,0.9535
2015-03-09,1.1021,0.951
2015-03-10,1.1082,0.9585
2015-03-11,1.1125,0.9642
2015-03-12,1.1062,0.9599
2015-03-13,1.1074,0.9573
2015-03-16,1.1085,0.9604
2015-03-17,1.1103,0.9601
2015-03-18,1.1049,0.9557
2015-03-19,1.1031,0.9601
2015-03-20,1.0976,0.9681
2015-03-23,1.1095,0.9752
2015-03-24,1.1043,0.9825
2015-03-25,1.1085,0.9883
2015-03-26,1.1052,0.9794
2015-03-27,1.1028,0.9667
2015-03-30,1.1042,0.9706
2015-03-31,1.102,0.9669
2015-04-01,1.0995,0.9768
2015-04-02,1.0907,0.9815
2015-04-03,1.0944,0.9813
2015-04-06,1.0964,0.9807
2015-04-07,1.0944,0.9883
2015-04-08,1.0944,0.9852
2015-04-09,1.0927,0.9888
2015-04-10,1.0846,0.982
2015-04-13,1.0842,0.9813
2015-04-14,1.0817,0.9817
2015-04-15,1.0766,0.9797
2015-04-16,1.0754,0.9737
2015-04-17,1.0786,0.9748
2015-04-20,1.073,0.9697
2015-04-21,1.0725,0.9719
2015-04-22,1.0659,0.9637
2015-04-23,1.0659,0.9596
2015-04-24,1.0676,0.9628
2015-04-27,1.0658,0.9557
2015-04-28,1.0613,0.9581
2015-04-29,1.0699,0.9589
2015-04-30,1.0707,0.9616
2015-05-01,1.0778,0.9602
2015-05-04,1.0771,0.964
2015-05-05,1.0787,0.957
2015-05-06,1.0809,0.9503
2015-05-07,1.086,0.9555
2015-05-08,1.082,0.9555
2015-05-11,1.0808,0.952
2015-05-12,1.0817,0.9507
2015-05-13,1.0818,0.9492
2015-05-14,1.0802,0.9477
2015-05-15,1.0802,0.9564
2015-05-18,1.088,0.9525
2015-05-19,1.0859,0.9423
2015-05-20,1.0899,0.9457
2015-05-21,1.0967,0.944
2015-05-22,1.0968,0.9423
2015-05-25,1.0989,0.9483
2015-05-26,1.0968,0.957
2015-05-27,1.0991,0.9578
2015-05-28,1.0987,0.961
2015-05-29,1.0984,0.9607
2015-06-01,1.1034,0.9579
2015-06-02,1.1042,0.9681
2015-06-03,1.1076,0.9655
2015-06-04,1.1072,0.9629
2015-06-05,1.1113,0.9596
2015-06-08,1.1103,0.9602
2015-06-09,1.1089,0.9612
2015-06-10,1.109,0.9582
2015-06-11,1.1132,0.953
2015-06-12,1.1134,0.9551
2015-06-15,1.1142,0.9573
2015-06-17,1.1106,0.944
2015-06-18,1.1139,0.9455
2015-06-19,1.1172,0.9372
2015-06-22,1.1142,0.9369
2015-06-23,1.1094,0.9356
2015-06-24,1.1105,0.944
2015-06-25,1.1081,0.9389
2015-06-26,1.1081,0.9328
2015-06-29,1.1188,0.9313
2015-06-30,1.1191,0.9367
2015-07-01,1.1206,0.9303
2015-07-02,1.1175,0.9322
2015-07-03,1.1183,0.9304
2015-07-06,1.1145,0.9209
2015-07-07,1.1159,0.9195
2015-07-08,1.1083,0.9174
2015-07-09,1.1078,0.9212
2015-07-10,1.1168,0.9238
2015-07-13,1.1056,0.9234
2015-07-14,1.1065,0.9198
2015-07-15,1.1053,0.9202
2015-07-16,1.1079,0.9274
2015-07-17,1.1023,0.9207
2015-07-21,1.0948,0.9129
2015-07-22,1.1017,0.9121
2015-07-23,1.1031,0.9087
2015-07-24,1.1039,0.9115
2015-07-27,1.1058,0.9177
2015-07-28,1.1127,0.9159
2015-07-29,1.1102,0.9174
2015-07-30,1.1128,0.9163
2015-07-31,1.1167,0.9132
2015-08-03,1.1128,0.9087
2015-08-04,1.1126,0.9164
2015-08-05,1.1186,0.9176
2015-08-06,1.114,0.9171
2015-08-07,1.1164,0.9209
2015-08-10,1.1112,0.9127
2015-08-11,1.1124,0.9131
2015-08-12,1.1143,0.907
2015-08-13,1.1184,0.9015
2015-08-14,1.1161,0.9057
2015-08-17,1.1138,0.9061
2015-08-18,1.1139,0.9049
2015-08-19,1.1115,0.9003
2015-08-20,1.1067,0.901
2015-08-21,1.106,0.9049
2015-08-24,1.0989,0.9067
2015-08-25,1.0979,0.9107
2015-08-26,1.0962,0.9177
2015-08-27,1.0976,0.9099
2015-08-28,1.1007,0.914
2015-08-31,1.098,0.9161
2015-09-01,1.0933,0.9201
2015-09-02,1.0981,0.9241
2015-09-03,1.0949,0.932
2015-09-04,1.1021,0.9341
2015-09-08,1.0979,0.9369
2015-09-09,1.0933,0.9331
2015-09-10,1.0949,0.9254
2015-09-11,1.089,0.9296
2015-09-14,1.0832,0.9299
2015-09-16,1.0786,0.9315
2015-09-17,1.0807,0.9312
2015-09-18,1.0883,0.9383
2015-09-21,1.085,0.9422
2015-09-22,1.0809,0.9447
2015-09-23,1.0865,0.9331
2015-09-24,1.0885,0.9296
2015-09-25,1.0898,0.9284
2015-09-28,1.0883,0.9291
2015-09-29,1.089,0.9258
2015-09-30,1.0911,0.9233
2015-10-01,1.0959,0.9166
2015-10-02,1.0933,0.9082
2015-10-05,1.0829,0.9025
2015-10-06,1.0878,0.9023
2015-10-07,1.0854,0.8967
2015-10-08,1.0818,0.9002
2015-10-09,1.0795,0.9042
2015-10-12,1.0734,0.9041
2015-10-13,1.0741,0.9064
2015-10-14,1.0691,0.9087
2015-10-15,1.066,0.9063
2015-10-16,1.064,0.9093
2015-10-19,1.0619,0.918
2015-10-20,1.0619,0.9183
2015-10-21,1.059,0.9254
2015-10-22,1.0596,0.9222
2015-10-23,1.0638,0.9207
2015-10-26,1.062,0.9276
2015-10-27,1.0568,0.9339
2015-10-28,1.0563,0.9259
2015-10-29,1.0595,0.9287
2015-10-30,1.0639,0.9301
2015-11-02,1.0621,0.9315
2015-11-03,1.0641,0.9341
2015-11-04,1.0633,0.9355
2015-11-05,1.064,0.9333
2015-11-06,1.065,0.9279
2015-11-09,1.0666,0.9235
2015-11-10,1.0624,0.9244
2015-11-11,1.0609,0.9312
2015-11-12,1.0606,0.9339
2015-11-13,1.0592,0.9381
2015-11-16,1.0625,0.9383
2015-11-17,1.06,0.9349
2015-11-18,1.0537,0.9317
2015-11-19,1.0543,0.9292
2015-11-20,1.0549,0.9267
2015-11-23,1.0584,0.9277
2015-11-24,1.0515,0.9345
2015-11-25,1.0505,0.9353
2015-11-26,1.0476,0.9309
2015-11-27,1.0408,0.9382
2015-11-30,1.0401,0.9459
2015-12-01,1.0376,0.947
2015-12-02,1.0356,0.9473
2015-12-03,1.0388,0.9481
2015-12-04,1.0415,0.9466
2015-12-07,1.0405,0.948
2015-12-08,1.0383,0.9498
2015-12-09,1.04,0.9446
2015-12-10,1.0407,0.9408
2015-12-11,1.0374,0.9448
2015-12-14,1.044,0.9433
2015-12-15,1.0445,0.9318
2015-12-16,1.0477,0.9262
2015-12-17,1.0481,0.9314
2015-12-18,1.0394,0.9337
2015-12-21,1.0399,0.9329
2015-12-22,1.0418,0.9337
2015-12-23,1.0451,0.9355
2015-12-24,1.041,0.9388
2015-12-25,1.0459,0.9349
2015-12-28,1.049,0.9309
2015-12-29,1.0465,0.931
2015-12-30,1.0548,0.93
2015-12-31,1.0541,0.9294
2016-01-01,1.0538,0.9321
2016-01-04,1.0462,0.9214
2016-01-05,1.0512,0.919
2016-01-06,1.0554,0.9284
2016-01-07,1.0585,0.9285
2016-01-08,1.059,0.9305
2016-01-11,1.0625,0.9278
2016-01-12,1.0717,0.9295
2016-01-13,1.0673,0.9294
2016-01-14,1.0617,0.9334
2016-01-15,1.0598,0.9344
2016-01-18,1.0644,0.9293
2016-01-19,1.0704,0.9346
2016-01-20,1.07,0.9348
2016-01-22,1.0705,0.9368
2016-01-25,1.0703,0.938
2016-01-27,1.0626,0.924
2016-01-28,1.0598,0.9279
2016-01-29,1.0608,0.9293
2016-02-01,1.055,0.9324
2016-02-02,1.0595,0.9434
2016-02-03,1.0596,0.9382
2016-02-04,1.0632,0.9349
2016-02-05,1.0632,0.9285
2016-02-08,1.0647,0.9324
2016-02-09,1.0657,0.931
2016-02-10,1.0701,0.9276
2016-02-11,1.0679,0.9306
2016-02-12,1.0723,0.9275
2016-02-15,1.0666,0.9315
2016-02-16,1.0711,0.9292
2016-02-17,1.0659,0.9331
2016-02-18,1.071,0.9301
2016-02-19,1.0689,0.9353
2016-02-22,1.0706,0.9271
2016-02-23,1.0741,0.9238
2016-02-24,1.0715,0.9194
2016-02-25,1.0721,0.9227
2016-02-26,1.0716,0.9388
2016-02-29,1.0698,0.9318
2016-03-01,1.0655,0.9307
2016-03-02,1.0635,0.9299
2016-03-03,1.0597,0.9331
2016-03-04,1.0634,0.9355
2016-03-07,1.0657,0.94
2016-03-08,1.0661,0.9451
2016-03-09,1.0613,0.9518
2016-03-10,1.0615,0.9522
2016-03-11,1.0581,0.9586
2016-03-14,1.0612,0.9564
2016-03-15,1.0661,0.9588
2016-03-16,1.0653,0.9618
2016-03-17,1.0617,0.9592
2016-03-18,1.0644,0.9596
2016-03-21,1.0646,0.9575
2016-03-22,1.0781,0.9639
2016-03-23,1.0846,0.9653
2016-03-24,1.0754,0.9669
2016-03-25,1.0855,0.9689
2016-03-28,1.0807,0.9656
2016-03-29,1.0779,0.9589
2016-03-30,1.0837,0.9571
2016-03-31,1.0823,0.9512
2016-04-01,1.0795,0.9493
2016-04-04,1.0708,0.9514
2016-04-05,1.0746,0.9491
2016-04-06,1.0797,0.9538
2016-04-07,1.0833,0.9485
2016-04-08,1.0882,0.9466
2016-04-11,1.093,0.9488
2016-04-12,1.0924,0.9485
2016-04-13,1.0861,0.9493
2016-04-14,1.0848,0.9457
2016-04-15,1.0724,0.9515
2016-04-18,1.0721,0.9492
2016-04-20,1.0682,0.9555
2016-04-21,1.0697,0.9619
2016-04-22,1.0709,0.9614
2016-04-25,1.0819,0.9608
2016-04-26,1.0778,0.9643
2016-04-27,1.0766,0.9635
2016-04-28,1.0671,0.9626
2016-04-29,1.075,0.9455
2016-05-02,1.0752,0.9418
2016-05-03,1.0764,0.9431
2016-05-04,1.0788,0.9468
2016-05-05,1.0803,0.9458
2016-05-06,1.0835,0.9523
2016-05-09,1.0761,0.9482
2016-05-10,1.0796,0.9492
2016-05-11,1.0747,0.9529
2016-05-12,1.0754,0.9476
2016-05-13,1.0804,0.9591
2016-05-16,1.0818,0.9608
2016-05-17,1.084,0.9607
2016-05-18,1.0893,0.9666
2016-05-19,1.0886,0.9601
2016-05-20,1.0897,0.9567
2016-05-23,1.0889,0.9584
2016-05-24,1.0909,0.9587
2016-05-25,1.0933,0.957
2016-05-26,1.0885,0.9633
2016-05-27,1.0861,0.96
2016-05-30,1.0885,0.9567
2016-05-31,1.0886,0.966
2016-06-01,1.1048,0.9744
2016-06-02,1.1037,0.9752
2016-06-03,1.0971,0.975
2016-06-06,1.0981,0.9783
2016-06-07,1.1025,0.9786
2016-06-08,1.0995,0.973
2016-06-09,1.1068,0.9737
2016-06-10,1.1059,0.9744
2016-06-13,1.1091,0.975
2016-06-14,1.1115,0.9778
2016-06-15,1.1072,0.9658
2016-06-16,1.1053,0.9695
2016-06-17,1.1017,0.9588
2016-06-20,1.098,0.9591
2016-06-21,1.1004,0.9548
2016-06-23,1.1013,0.9483
2016-06-24,1.1022,0.9584
2016-06-27,1.1013,0.954
2016-06-28,1.0988,0.9561
2016-06-29,1.0981,0.9519
2016-06-30,1.1012,0.9519
2016-07-01,1.0951,0.9505
2016-07-04,1.0936,0.9538
2016-07-05,1.0988,0.9448
2016-07-06,1.0989,0.9465
2016-07-07,1.0954,0.952
2016-07-08,1.0904,0.9447
2016-07-11,1.0921,0.9389
2016-07-12,1.0944,0.9388
2016-07-13,1.0985,0.939
2016-07-14,1.0964,0.9379
2016-07-15,1.0969,0.9285
2016-07-18,1.0939,0.923
2016-07-19,1.0908,0.9223
2016-07-20,1.0955,0.9313
2016-07-21,1.0938,0.9293
2016-07-22,1.0951,0.9319
2016-07-25,1.1004,0.9402
2016-07-26,1.1063,0.9457
2016-07-27,1.1017,0.9515
2016-07-28,1.0988,0.9425
2016-07-29,1.0971,0.9458
2016-08-01,1.1028,0.9531
2016-08-02,1.1004,0.9621
2016-08-03,1.0991,0.9663
2016-08-04,1.0938,0.963
2016-08-05,1.0971,0.9624
2016-08-08,1.1018,0.9646
2016-08-09,1.0999,0.9612
2016-08-10,1.1029,0.9684
2016-08-11,1.1017,0.981
2016-08-12,1.0997,0.9778
2016-08-15,1.0953,0.9782
2016-08-16,1.0984,0.9742
2016-08-17,1.1008,0.969
2016-08-18,1.1023,0.9697
2016-08-19,1.1041,0.9743
2016-08-22,1.1024,0.9697
2016-08-23,1.0988,0.9757
2016-08-24,1.1047,0.9814
2016-08-25,1.107,0.9829
2016-08-26,1.1125,0.9813
2016-08-29,1.1106,0.9799
2016-08-30,1.1148,0.9807
2016-08-31,1.1165,0.9768
2016-09-01,1.119,0.9736
2016-09-02,1.1234,0.9805
2016-09-05,1.1198,0.9838
2016-09-06,1.124,0.9811
2016-09-07,1.1233,0.9852
2016-09-08,1.1232,0.9823
2016-09-09,1.1278,0.983
2016-09-12,1.1317,0.9869
2016-09-13,1.1357,0.984
2016-09-14,1.1388,0.9878
2016-09-15,1.1384,0.9824
2016-09-16,1.1361,0.9896
2016-09-19,1.1378,0.9848
2016-09-20,1.1355,0.9854
2016-09-21,1.1346,0.9856
2016-09-22,1.1329,0.9873
2016-09-23,1.13,0.979
2016-09-26,1.1368,0.9804
2016-09-27,1.1379,0.9805
2016-09-28,1.1333,0.9812
2016-09-29,1.1337,0.9857
2016-09-30,1.1302,0.9804
2016-10-03,1.1308,0.9882
2016-10-04,1.129,0.9969
2016-10-05,1.1279,0.9937
2016-10-06,1.1375,1.0024
2016-10-07,1.134,1.0023
2016-10-10,1.1295,1.0153
2016-10-11,1.1301,1.0223
2016-10-12,1.1333,1.0161
2016-10-13,1.1377,1.019
2016-10-14,1.1351,1.0091
2016-10-17,1.1293,1.0034
2016-10-18,1.1253,1.0064
2016-10-19,1.1299,1.0021
2016-10-20,1.1225,1.0041
2016-10-21,1.1277,1.006
2016-10-24,1.136,1.0085
2016-10-25,1.1355,1.0004
2016-10-26,1.1424,1.0011
2016-10-27,1.1401,0.9891
2016-10-28,1.1393,0.9856
2016-10-31,1.1397,0.9946
2016-11-01,1.144,1.0
2016-11-02,1.1511,0.9989
2016-11-03,1.1535,0.9909
2016-11-04,1.1518,1.0018
2016-11-07,1.1462,0.9942
2016-11-08,1.1527,0.9851
2016-11-09,1.1507,0.9794
2016-11-11,1.1488,0.9872
2016-11-14,1.1519,0.9927
2016-11-15,1.1598,0.9944
2016-11-16,1.1575,0.9959
2016-11-17,1.151,0.9947
2016-11-18,1.1557,0.9968
2016-11-21,1.1509,0.9972
2016-11-22,1.15,0.9966
2016-11-23,1.1438,0.9997
2016-11-24,1.1384,1.0002
2016-11-25,1.137,1.0028
2016-11-28,1.143,1.0004
2016-11-30,1.1404,1.0006
2016-12-01,1.1438,0.9967
2016-12-02,1.1417,0.9929
2016-12-05,1.1364,0.9944
2016-12-06,1.1321,0.9979
2016-12-07,1.1289,0.9956
2016-12-08,1.122,0.9848
2016-12-09,1.1209,0.9888
2016-12-12,1.1251,0.996
2016-12-13,1.1306,0.9979
2016-12-15,1.1313,1.0027
2016-12-16,1.1333,1.0078
2016-12-19,1.1392,1.0084
2016-12-20,1.1365,1.0065
2016-12-21,1.14,1.0112
2016-12-22,1.1316,1.0156
2016-12-23,1.1413,1.0151
2016-12-26,1.1472,1.0138
2016-12-27,1.1527,1.0064
2016-12-28,1.1514,0.9921
2016-12-29,1.1527,0.9851
2016-12-30,1.1559,0.9832
2017-01-02,1.1484,0.9825
2017-01-03,1.1518,0.9754
2017-01-04,1.1451,0.9676
2017-01-05,1.1417,0.9739
2017-01-06,1.1338,0.9747
2017-01-09,1.1302,0.9735
2017-01-10,1.1372,0.9754
2017-01-11,1.1316,0.9793
2017-01-12,1.1344,0.9765
2017-01-13,1.1359,0.9785
2017-01-16,1.1337,0.982
2017-01-17,1.1331,0.9862
2017-01-18,1.1307,0.9819
2017-01-19,1.1307,0.9803
2017-01-20,1.1261,0.9809
2017-01-23,1.1262,0.975
2017-01-24,1.1242,0.9692
2017-01-25,1.1173,0.9631
2017-01-26,1.1225,0.9587
2017-01-27,1.1242,0.9585
2017-01-30,1.1204,0.9628
2017-01-31,1.1168,0.9598
2017-02-01,1.1183,0.9594
2017-02-02,1.1131,0.9525
2017-02-06,1.1119,0.9511
2017-02-07,1.1119,0.9533
2017-02-08,1.1112,0.957
2017-02-09,1.1131,0.9602
2017-02-10,1.109,0.9613
2017-02-13,1.1102,0.961
2017-02-14,1.1104,0.9562
2017-02-15,1.1213,0.9591
2017-02-16,1.1223,0.9584
2017-02-17,1.1224,0.9591
2017-02-20,1.118,0.9634
2017-02-21,1.1225,0.9661
2017-02-22,1.1302,0.9668
2017-02-23,1.1256,0.9729
2017-02-24,1.1277,0.9688
2017-02-27,1.1283,0.9715
2017-02-28,1.1282,0.9593
2017-03-01,1.1274,0.9617
2017-03-02,1.1187,0.9618
2017-03-03,1.1199,0.9636
2017-03-06,1.1221,0.9642
2017-03-07,1.1177,0.9677
2017-03-08,1.1125,0.9602
2017-03-09,1.1163,0.959
2017-03-10,1.1145,0.9597
2017-03-13,1.1205,0.9545
2017-03-14,1.1177,0.9511
2017-03-15,1.121,0.9441
2017-03-16,1.1167,0.9431
2017-03-17,1.119,0.9368
2017-03-20,1.1201,0.9368
2017-03-21,1.117,0.9333
2017-03-22,1.1159,0.9302
2017-03-23,1.1101,0.9309
2017-03-24,1.105,0.9296
2017-03-27,1.1069,0.9314
2017-03-28,1.1085,0.938
2017-03-29,1.1087,0.9373
2017-03-30,1.1084,0.9408
2017-03-31,1.1101,0.9334
2017-04-03,1.1069,0.9356
2017-04-04,1.1071,0.9352
2017-04-05,1.1154,0.9377
2017-04-06,1.1055,0.9422
2017-04-07,1.1026,0.9373
2017-04-10,1.1024,0.9288
2017-04-11,1.0966,0.9376
2017-04-12,1.0918,0.936
2017-04-13,1.0937,0.9373
2017-04-14,1.0961,0.9414
2017-04-17,1.0921,0.936
2017-04-18,1.0867,0.9272
2017-04-19,1.0872,0.9317
2017-04-20,1.0887,0.9244
2017-04-21,1.0883,0.9226
2017-04-24,1.0851,0.9229
2017-04-25,1.0828,0.9134
2017-04-26,1.0854,0.9087
2017-04-27,1.0892,0.9038
2017-04-28,1.0888,0.8976
2017-05-01,1.0904,0.9021
2017-05-02,1.092,0.8989
2017-05-03,1.0878,0.9029
2017-05-04,1.0883,0.9051
2017-05-05,1.0858,0.9026
2017-05-08,1.0803,0.9041
2017-05-09,1.0812,0.9124
2017-05-10,1.0786,0.9147
2017-05-11,1.0791,0.9163
2017-05-12,1.0803,0.9155
2017-05-15,1.0848,0.9152
2017-05-16,1.0843,0.9242
2017-05-17,1.0774,0.9164
2017-05-18,1.077,0.9208
2017-05-19,1.0794,0.9173
2017-05-22,1.0743,0.9186
2017-05-24,1.0644,0.9233
2017-05-25,1.0699,0.9222
2017-05-29,1.0697,0.9189
2017-05-30,1.0617,0.9117
2017-05-31,1.0584,0.9132
2017-06-01,1.063,0.9073
2017-06-02,1.0553,0.8971
2017-06-05,1.06,0.9056
2017-06-06,1.0638,0.9074
2017-06-07,1.06,0.9063
2017-06-08,1.0565,0.9081
2017-06-09,1.0543,0.9097
2017-06-12,1.0541,0.9074
2017-06-13,1.0588,0.9019
2017-06-14,1.0612,0.9061
2017-06-15,1.0615,0.8949
2017-06-16,1.0695,0.8902
2017-06-20,1.0623,0.8843
2017-06-21,1.0585,0.8877
2017-06-22,1.0574,0.8902
2017-06-23,1.0603,0.8967
2017-06-26,1.0606,0.9117
2017-06-27,1.0581,0.9145
2017-06-28,1.0577,0.9137
2017-06-29,1.0521,0.9081
2017-06-30,1.0478,0.9061
2017-07-03,1.0476,0.9083
2017-07-04,1.0487,0.9085
2017-07-05,1.0459,0.916
2017-07-06,1.0429,0.9151
2017-07-07,1.0443,0.9196
2017-07-10,1.0458,0.9202
2017-07-11,1.0402,0.9225
2017-07-12,1.0293,0.9185
2017-07-13,1.0291,0.9206
2017-07-14,1.026,0.9176
2017-07-17,1.0286,0.9165
2017-07-18,1.0222,0.9129
2017-07-19,1.0283,0.916
2017-07-20,1.0309,0.9127
2017-07-21,1.0305,0.9151
2017-07-24,1.0268,0.9224
2017-07-25,1.0257,0.9244
2017-07-26,1.0183,0.9198
2017-07-27,1.0211,0.9229
2017-07-28,1.0168,0.9179
2017-07-31,1.0144,0.9148
2017-08-01,1.0105,0.9167
2017-08-02,1.015,0.9201
2017-08-03,1.0168,0.9099
2017-08-04,1.0144,0.904
2017-08-07,1.0154,0.8951
2017-08-08,1.0205,0.8927
2017-08-09,1.0185,0.8983
2017-08-10,1.0148,0.8981
2017-08-11,1.015,0.9032
2017-08-14,1.0107,0.8967
2017-08-15,1.0149,0.8992
2017-08-16,1.009,0.8993
2017-08-18,1.013,0.8962
2017-08-21,1.0131,0.9006
2017-08-22,1.0164,0.8935
2017-08-23,1.0146,0.8906
2017-08-24,1.0225,0.8925
2017-08-25,1.0179,0.8892
2017-08-28,1.0162,0.8947
2017-08-29,1.0173,0.8891
2017-08-30,1.0193,0.8947
2017-08-31,1.0155,0.8931
2017-09-01,1.0039,0.8944
2017-09-04,0.9971,0.8938
2017-09-05,0.9977,0.888
2017-09-06,1.0006,0.8847
2017-09-07,0.9987,0.8856
2017-09-08,0.9923,0.8848
2017-09-11,0.991,0.8871
2017-09-12,0.9886,0.8867
2017-09-13,0.9844,0.8858
2017-09-15,0.9804,0.8907
2017-09-18,0.9757,0.8916
2017-09-19,0.9746,0.8876
2017-09-20,0.9702,0.8846
2017-09-21,0.9685,0.8883
2017-09-22,0.9668,0.8823
2017-09-25,0.9738,0.8764
2017-09-26,0.974,0.874
2017-09-27,0.9761,0.8725
2017-09-28,0.9826,0.8717
2017-09-29,0.9763,0.8756
2017-10-02,0.9668,0.8742
2017-10-03,0.9655,0.8792
2017-10-04,0.969,0.8788
2017-10-05,0.9772,0.8743
2017-10-06,0.9765,0.8793
2017-10-09,0.9749,0.8835
2017-10-10,0.9718,0.8896
2017-10-11,0.9682,0.8876
2017-10-12,0.9697,0.8814
2017-10-13,0.9712,0.8831
2017-10-16,0.9709,0.8822
2017-10-17,0.9681,0.8889
2017-10-18,0.967,0.8904
2017-10-19,0.9616,0.8956
2017-10-20,0.9607,0.8995
2017-10-23,0.9626,0.9007
2017-10-24,0.9676,0.9034
2017-10-25,0.9733,0.9015
2017-10-26,0.9718,0.9099
2017-10-27,0.9696,0.9131
2017-10-30,0.9714,0.9202
2017-10-31,0.9696,0.9255
2017-11-01,0.9726,0.924
2017-11-02,0.9701,0.9228
2017-11-03,0.9822,0.9167
2017-11-06,0.9849,0.9207
2017-11-07,0.9936,0.9169
2017-11-08,0.9924,0.919
2017-11-09,0.9911,0.9223
2017-11-10,0.9934,0.9206
2017-11-13,0.9953,0.9181
2017-11-14,1.0059,0.9192
2017-11-15,1.0041,0.9206
2017-11-16,1.0056,0.9254
2017-11-17,1.0045,0.9228
2017-11-20,1.0074,0.9277
2017-11-21,1.0101,0.9273
2017-11-22,1.006,0.9247
2017-11-24,1.0012,0.9234
2017-11-27,1.0088,0.9214
2017-11-28,1.0129,0.9224
2017-11-29,1.0222,0.9201
2017-11-30,1.0229,0.9201
2017-12-01,1.017,0.9179
2017-12-04,1.0219,0.9242
2017-12-05,1.0168,0.9295
2017-12-06,1.0215,0.9352
2017-12-07,1.0184,0.9261
2017-12-08,1.0257,0.9276
2017-12-11,1.0266,0.9325
2017-12-12,1.0251,0.9262
2017-12-13,1.0249,0.9301
2017-12-14,1.0311,0.9289
2017-12-15,1.0335,0.9319
2017-12-18,1.0342,0.9297
2017-12-19,1.0309,0.9308
2017-12-20,1.0304,0.9311
2017-12-21,1.028,0.9355
2017-12-22,1.0286,0.9422
2017-12-25,1.0294,0.9456
2017-12-26,1.0286,0.9387
2017-12-27,1.0317,0.9324
2017-12-28,1.0332,0.9393
2017-12-29,1.0298,0.9387
2018-01-01,1.0301,0.9381
2018-01-02,1.0229,0.9412
2018-01-03,1.0196,0.9444
2018-01-04,1.0172,0.9517
2018-01-05,1.017,0.9567
2018-01-08,1.016,0.9607
2018-01-09,1.0193,0.9657
2018-01-10,1.0219,0.9693
2018-01-12,1.0219,0.967
2018-01-15,1.0186,0.9745
2018-01-16,1.0158,0.9845
2018-01-17,1.0159,0.976
2018-01-18,1.0172,0.9678
2018-01-19,1.0141,0.9654
2018-01-22,1.01,0.97
2018-01-23,1.0084,0.9763
2018-01-24,1.0085,0.9751
2018-01-25,1.0057,0.9743
2018-01-26,1.0034,0.9707
2018-01-29,1.001,0.9575
2018-01-30,1.0038,0.9593
2018-01-31,1.0054,0.9587
2018-02-01,1.0111,0.9631
2018-02-02,1.009,0.9704
2018-02-05,1.0024,0.975
2018-02-06,1.0085,0.9678
2018-02-07,1.0106,0.9806
2018-02-08,1.0135,0.9756
2018-02-09,1.0155,0.9788
2018-02-12,1.0117,0.9729
2018-02-13,1.0112,0.9856
2018-02-14,1.0169,0.9896
2018-02-15,1.0144,0.989
2018-02-16,1.0191,0.9939
2018-02-19,1.0201,0.9999
2018-02-20,1.0302,1.0042
2018-02-21,1.0295,1.0018
2018-02-22,1.0288,0.9963
2018-02-23,1.0251,0.9951
2018-02-26,1.0252,0.9902
2018-02-27,1.0266,0.9901
2018-02-28,1.0292,0.9912
2018-03-01,1.029,0.9922
2018-03-02,1.0361,0.9838
2018-03-05,1.0358,0.982
2018-03-06,1.0379,0.9807
2018-03-07,1.0349,0.9827
2018-03-08,1.0282,0.9861
2018-03-12,1.0187,0.9902
2018-03-13,1.0132,0.9887
2018-03-14,1.0058,0.9877
2018-03-16,0.9972,0.9846
2018-03-19,0.9892,0.9849
2018-03-20,0.9906,0.9816
2018-03-21,0.9865,0.9792
2018-03-22,0.9855,0.9784
2018-03-23,0.9778,0.9825
2018-03-26,0.9748,0.9854
2018-03-27,0.9716,0.9922
2018-03-28,0.9693,0.994
2018-03-29,0.966,0.99
2018-03-30,0.9619,0.9925
2018-04-02,0.9568,0.9996
2018-04-03,0.9587,1.004
2018-04-05,0.9547,1.0036
2018-04-06,0.9516,1.0137
2018-04-09,0.9569,1.0152
2018-04-10,0.9579,1.027
2018-04-11,0.9587,1.029
2018-04-12,0.9554,1.0275
2018-04-13,0.9597,1.0241
2018-04-16,0.9586,1.0239
2018-04-17,0.9562,1.0245
2018-04-19,0.9476,1.0284
2018-04-20,0.9431,1.0247
2018-04-23,0.9396,1.0301
2018-04-24,0.9394,1.029
2018-04-25,0.9407,1.0283
2018-04-27,0.9422,1.0381
2018-04-30,0.9354,1.0425
2018-05-01,0.9374,1.0461
2018-05-02,0.932,1.0418
2018-05-03,0.9408,1.0365
2018-05-04,0.9333,1.0385
2018-05-07,0.9329,1.0426
2018-05-08,0.9362,1.045
2018-05-09,0.9311,1.0397
2018-05-10,0.9351,1.033
2018-05-11,0.9341,1.0414
2018-05-14,0.9329,1.0338
2018-05-15,0.927,1.0324
2018-05-16,0.9242,1.0291
2018-05-17,0.9265,1.0314
2018-05-18,0.9274,1.0404
2018-05-21,0.9243,1.0444
2018-05-22,0.9204,1.04
2018-05-23,0.9272,1.0356
2018-05-24,0.9277,1.0316
2018-05-25,0.9248,1.0326
2018-05-28,0.9305,1.0384
2018-05-30,0.9334,1.0426
2018-05-31,0.9297,1.0428
2018-06-01,0.9314,1.0427
2018-06-04,0.9386,1.0416
2018-06-05,0.9409,1.0487
2018-06-06,0.942,1.05
2018-06-07,0.948,1.052
2018-06-08,0.9466,1.0508
2018-06-11,0.9442,1.0432
2018-06-12,0.9405,1.044
2018-06-13,0.9422,1.0481
2018-06-14,0.9395,1.0392
2018-06-15,0.9443,1.0374
2018-06-18,0.9419,1.0332
2018-06-19,0.946,1.0308
2018-06-20,0.9467,1.0281
2018-06-21,0.9498,1.0206
2018-06-22,0.953,1.0204
2018-06-25,0.9535,1.0177
2018-06-26,0.9522,1.0142
2018-06-27,0.9545,1.0175
2018-06-28,0.9546,1.0191
2018-06-29,0.957,1.0221
2018-07-02,0.9563,1.0304
2018-07-03,0.9568,1.0355
2018-07-04,0.962,1.0383
2018-07-05,0.9624,1.0383
2018-07-06,0.9641,1.0367
2018-07-09,0.9635,1.0209
2018-07-10,0.9656,1.0247
2018-07-11,0.9618,1.0265
2018-07-12,0.9661,1.0278
2018-07-13,0.9711,1.0275
2018-07-16,0.9732,1.0311
2018-07-17,0.9723,1.0287
2018-07-18,0.9699,1.0336
2018-07-19,0.9697,1.0282
2018-07-20,0.9704,1.028
2018-07-23,0.9682,1.0249
2018-07-24,0.9645,1.0262
2018-07-25,0.9644,1.0231
2018-07-26,0.9595,1.0221
2018-07-27,0.9647,1.0298
2018-07-30,0.9598,1.0311
2018-07-31,0.9641,1.0275
2018-08-01,0.9671,1.0243
2018-08-02,0.9642,1.016
2018-08-03,0.9678,1.0119
2018-08-06,0.9691,1.0126
2018-08-07,0.9655,1.0078
2018-08-08,0.9607,1.0111
2018-08-09,0.9642,1.0015
2018-08-10,0.9665,1.0043
2018-08-13,0.9701,1.0051
2018-08-14,0.9689,1.012
2018-08-15,0.9675,1.0031
2018-08-16,0.9638,0.9958
2018-08-17,0.9548,0.996
2018-08-20,0.9634,0.99
2018-08-21,0.9692,0.9946
2018-08-22,0.9627,0.9957
2018-08-23,0.9691,0.9893
2018-08-24,0.961,0.9869
2018-08-27,0.9593,0.983
2018-08-28,0.9573,0.9785
2018-08-29,0.9528,0.9756
2018-08-30,0.9573,0.9784
2018-08-31,0.9604,0.9746
2018-09-03,0.9631,0.9774
2018-09-04,0.9689,0.9728
2018-09-05,0.9658,0.979
2018-09-06,0.9636,0.9832
2018-09-07,0.9639,0.9838
2018-09-10,0.9669,0.9771
2018-09-11,0.9696,0.9781
2018-09-12,0.9711,0.9766
2018-09-13,0.9737,0.9816
2018-09-14,0.9735,0.9892
2018-09-17,0.9768,0.9954
2018-09-18,0.9698,0.9885
2018-09-20,0.975,0.9755
2018-09-24,0.977,0.9821
2018-09-25,0.9762,0.9837
2018-09-26,0.976,0.9789
2018-09-27,0.9783,0.9831
2018-09-28,0.974,0.9903
2018-10-01,0.9792,0.9899
2018-10-02,0.9843,0.9858
2018-10-03,0.9873,0.9819
2018-10-04,0.9911,0.9779
2018-10-05,0.9891,0.9698
2018-10-08,0.9939,0.9717
2018-10-09,0.9907,0.9746
2018-10-10,0.9885,0.9812
2018-10-11,0.9829,0.9773
2018-10-12,0.9809,0.9786
2018-10-15,0.9765,0.9746
2018-10-16,0.9701,0.9765
2018-10-17,0.9737,0.9807
2018-10-18,0.976,0.9799
2018-10-19,0.9738,0.9731
2018-10-22,0.9803,0.9824
2018-10-23,0.9801,0.9775
2018-10-24,0.9785,0.9791
2018-10-25,0.9776,0.9836
2018-10-26,0.976,0.9878
2018-10-29,0.9789,0.9889
2018-10-30,0.9798,0.9962
2018-10-31,0.9796,0.9926
2018-11-01,0.9862,0.9986
2018-11-02,0.9911,1.0031
2018-11-05,0.993,1.0047
2018-11-06,0.9955,1.0091
2018-11-07,0.9955,1.0115
2018-11-08,0.9966,1.0074
2018-11-09,0.9889,0.9983
2018-11-12,0.9935,0.9948
2018-11-13,0.9964,0.9984
2018-11-14,0.9864,0.998
2018-11-15,0.9798,0.9986
2018-11-19,0.9786,1.0145
2018-11-20,0.9786,1.006
2018-11-21,0.9787,1.0073
2018-11-22,0.9782,1.0049
2018-11-23,0.9711,0.997
2018-11-26,0.9741,0.9951
2018-11-27,0.9728,0.996
2018-11-28,0.9762,0.9944
2018-11-29,0.9744,0.9916
2018-11-30,0.9747,0.979
2018-12-03,0.9708,0.9778
2018-12-04,0.9682,0.9835
2018-12-05,0.9685,0.9889
2018-12-07,0.9695,0.9801
2018-12-10,0.9664,0.9844
2018-12-11,0.964,0.9903
2018-12-12,0.9698,0.9905
2018-12-13,0.9638,0.9889
2018-12-14,0.9559,0.9912
2018-12-17,0.9555,0.9964
2018-12-18,0.9567,0.9872
2018-12-19,0.958,0.9847
2018-12-20,0.9619,0.9828
2018-12-21,0.9611,0.9779
2018-12-24,0.96,0.9772
2018-12-25,0.9603,0.9732
2018-12-26,0.958,0.968
2018-12-27,0.9596,0.9727
2018-12-28,0.9558,0.9745
2018-12-31,0.961,0.9721
2019-01-01,0.9623,0.972
2019-01-02,0.9643,0.9676
2019-01-03,0.9662,0.972
2019-01-04,0.9666,0.9692
2019-01-07,0.9673,0.9674
2019-01-08,0.97,0.9655
2019-01-09,0.9714,0.9653
2019-01-10,0.966,0.9686
2019-01-11,0.9651,0.9698
2019-01-14,0.9681,0.9735
2019-01-15,0.9621,0.976
2019-01-16,0.9638,0.977
2019-01-17,0.9615,0.9762
2019-01-18,0.9538,0.9749
2019-01-21,0.9509,0.9789
2019-01-22,0.9516,0.9723
2019-01-23,0.9558,0.9752
2019-01-24,0.9522,0.9763
2019-01-25,0.9488,0.9806
2019-01-28,0.9463,0.99
2019-01-29,0.9482,0.9874
2019-01-30,0.9507,0.9752
2019-01-31,0.9481,0.9803
2019-02-01,0.9431,0.9845
2019-02-04,0.9459,0.986
2019-02-05,0.9402,0.9775
2019-02-06,0.9417,0.9813
2019-02-07,0.9399,0.9837
2019-02-08,0.9381,0.983
2019-02-11,0.9367,0.9747
2019-02-12,0.9386,0.9733
2019-02-13,0.9359,0.9712
2019-02-14,0.9326,0.9706
2019-02-15,0.9402,0.9614
2019-02-18,0.9409,0.9658
2019-02-19,0.9403,0.971
2019-02-20,0.9392,0.9708
2019-02-21,0.9411,0.9621
2019-02-22,0.9369,0.9652
2019-02-25,0.9338,0.9652
2019-02-26,0.9344,0.9626
2019-02-27,0.9352,0.9564
2019-02-28,0.9378,0.9601
2019-03-01,0.9407,0.9592
2019-03-04,0.9451,0.9587
2019-03-05,0.9428,0.9595
2019-03-06,0.9462,0.9592
2019-03-07,0.9451,0.9507
2019-03-08,0.9433,0.9447
2019-03-11,0.9411,0.948
2019-03-12,0.9344,0.9437
2019-03-13,0.9396,0.9529
2019-03-14,0.9463,0.9551
2019-03-15,0.9487,0.9634
2019-03-18,0.9482,0.9604
2019-03-19,0.9458,0.9708
2019-03-20,0.9423,0.9705
2019-03-21,0.9386,0.9682
2019-03-22,0.9405,0.9729
2019-03-25,0.9406,0.9752
2019-03-26,0.94,0.9741
2019-03-27,0.9311,0.9719
2019-03-28,0.9288,0.9728
2019-03-29,0.9238,0.9729
2019-04-01,0.9204,0.9768
2019-04-02,0.9215,0.9703
2019-04-03,0.925,0.9796
2019-04-04,0.9244,0.9787
2019-04-05,0.9265,0.9797
2019-04-08,0.9261,0.9826
2019-04-09,0.9223,0.9745
2019-04-10,0.93,0.9842
2019-04-11,0.9252,0.9823
2019-04-12,0.9238,0.9896
2019-04-15,0.9304,0.9944
2019-04-16,0.9345,0.9955
2019-04-17,0.9351,0.9966
2019-04-18,0.9299,0.9897
2019-04-19,0.9244,0.9863
2019-04-22,0.9289,0.9963
2019-04-23,0.9255,0.9934
2019-04-24,0.9226,0.9902
2019-04-25,0.919,0.9865
2019-04-26,0.9173,0.9914
2019-04-29,0.9232,0.9953
2019-04-30,0.9213,1.0016
2019-05-01,0.9234,1.0053
2019-05-02,0.9215,1.0082
2019-05-03,0.9255,1.0044
2019-05-06,0.9277,1.0071
2019-05-07,0.9326,1.0037
2019-05-08,0.9317,1.0038
2019-05-09,0.9317,1.0075
2019-05-10,0.9297,1.0078
2019-05-13,0.9273,1.0146
2019-05-14,0.924,1.0143
2019-05-15,0.9242,1.0108
2019-05-16,0.9205,1.0121
2019-05-17,0.9155,1.017
2019-05-20,0.9163,1.0159
2019-05-21,0.9139,1.0183
2019-05-23,0.913,1.0213
2019-05-24,0.9146,1.0198
2019-05-27,0.9172,1.0199
2019-05-28,0.914,1.0229
2019-05-29,0.9091,1.0232
2019-05-30,0.9072,1.0168
2019-05-31,0.9104,1.0264
2019-06-03,0.912,1.0233
2019-06-04,0.9107,1.0295
2019-06-05,0.9128,1.0287
2019-06-06,0.9111,1.0267
2019-06-07,0.9093,1.0313
2019-06-10,0.9129,1.0276
2019-06-11,0.9201,1.0171
2019-06-12,0.9254,1.0117
2019-06-13,0.9292,1.0097
2019-06-14,0.9249,1.0137
2019-06-17,0.9189,1.0175
2019-06-18,0.9179,1.0152
2019-06-19,0.922,1.0041
2019-06-20,0.9184,0.9978
2019-06-21,0.9183,0.9993
2019-06-24,0.9183,1.0003
2019-06-25,0.9217,1.0011
2019-06-26,0.9297,1.0005
2019-06-27,0.9323,0.9981
2019-06-28,0.9288,0.9926
2019-07-01,0.9335,0.9864
2019-07-02,0.9341,0.9915
2019-07-03,0.9376,0.9899
2019-07-04,0.9435,0.9953
2019-07-05,0.9435,0.9947
2019-07-08,0.946,1.0014
2019-07-09,0.949,1.0117
2019-07-10,0.95,1.0121
2019-07-11,0.9509,1.0057
2019-07-15,0.95,0.9996
2019-07-16,0.9478,1.0011
2019-07-17,0.9452,1.0087
2019-07-18,0.9384,1.0136
2019-07-19,0.9334,1.0132
2019-07-22,0.9318,1.0113
2019-07-23,0.9252,1.003
2019-07-24,0.9216,1.0072
2019-07-25,0.9213,1.0127
2019-07-26,0.9202,1.0116
2019-07-29,0.9191,1.0053
2019-07-30,0.9146,1.0066
2019-07-31,0.9149,1.0104
2019-08-01,0.9128,1.0025
2019-08-02,0.9177,1.0069
2019-08-05,0.9169,1.013
2019-08-06,0.9094,1.0155
2019-08-07,0.9016,1.0182
2019-08-08,0.9021,1.013
2019-08-09,0.8979,1.0102
2019-08-12,0.893,1.0138
2019-08-13,0.8856,1.0079
2019-08-14,0.884,1.0107
2019-08-15,0.8809,1.0196
2019-08-16,0.8784,1.0308
2019-08-19,0.8812,1.0298
2019-08-20,0.8809,1.025
2019-08-21,0.8816,1.0279
2019-08-22,0.8858,1.0305
2019-08-23,0.8863,1.0328
2019-08-26,0.8843,1.0333
2019-08-27,0.8844,1.0326
2019-08-28,0.886,1.0321
2019-08-29,0.89,1.032
2019-08-30,0.8955,1.0217
2019-09-02,0.8944,1.0223
2019-09-03,0.8954,1.0221
2019-09-04,0.8955,1.0162
2019-09-05,0.8948,1.0146
2019-09-06,0.8874,1.0108
2019-09-09,0.8902,1.0104
2019-09-10,0.891,1.015
2019-09-11,0.883,1.0201
2019-09-12,0.8863,1.0229
2019-09-13,0.8823,1.0162
2019-09-16,0.8837,1.021
2019-09-17,0.8829,1.0181
2019-09-18,0.8816,1.0127
2019-09-19,0.8814,1.0178
2019-09-20,0.8809,1.0097
2019-09-23,0.8847,1.0065
2019-09-24,0.8798,1.0009
2019-09-25,0.8792,1.0106
2019-09-26,0.8786,1.0011
2019-09-27,0.8917,1.002
2019-09-30,0.8893,1.0113
2019-10-01,0.8857,1.0013
2019-10-02,0.8893,1.0029
2019-10-03,0.8902,1.0112
2019-10-04,0.8894,1.0036
2019-10-07,0.8876,1.004
2019-10-08,0.8924,1.0034
2019-10-09,0.8932,1.0063
2019-10-10,0.8903,1.0097
2019-10-11,0.888,1.0055
2019-10-14,0.889,1.0057
2019-10-15,0.8847,1.0059
2019-10-16,0.8885,0.9998
2019-10-17,0.8837,1.0011
2019-10-18,0.8776,0.9928
2019-10-21,0.8785,0.9906
2019-10-22,0.878,0.9943
2019-10-23,0.8744,0.9859
2019-10-24,0.8723,0.9783
2019-10-25,0.8725,0.9782
2019-10-28,0.8756,0.9818
2019-10-29,0.8746,0.9791
2019-10-30,0.8788,0.9781
2019-10-31,0.8789,0.9872
2019-11-01,0.8803,0.9933
2019-11-04,0.8837,0.9909
2019-11-05,0.879,1.002
2019-11-06,0.8792,1.0024
2019-11-07,0.8729,1.0123
2019-11-08,0.8737,1.0113
2019-11-11,0.8755,1.0106
2019-11-12,0.8767,1.0084
2019-11-13,0.873,1.0086
2019-11-14,0.8722,1.0123
2019-11-15,0.8721,1.0108
2019-11-18,0.8697,1.013
2019-11-19,0.8695,1.0068
2019-11-20,0.8712,1.0082
2019-11-21,0.8709,1.008
2019-11-22,0.8705,1.0094
2019-11-25,0.8685,1.0083
2019-11-26,0.8705,1.007
2019-11-27,0.8598,1.0016
2019-11-28,0.863,0.9996
2019-11-29,0.862,1.0021
2019-12-02,0.8637,1.0061
2019-12-03,0.8632,1.0061
2019-12-04,0.8612,1.0003
2019-12-05,0.8603,1.0035
2019-12-06,0.8597,1.0097
2019-12-09,0.8595,1.015
2019-12-10,0.8627,1.0143
2019-12-11,0.8635,1.0112
2019-12-12,0.8624,1.0086
2019-12-13,0.8634,1.0042
2019-12-16,0.8642,1.0118
2019-12-17,0.8653,1.0149
2019-12-18,0.8657,1.0145
2019-12-19,0.8653,1.0201
2019-12-20,0.8637,1.0277
2019-12-23,0.8605,1.0287
2019-12-24,0.8684,1.0315
2019-12-25,0.8682,1.0223
2019-12-26,0.8671,1.0229
2019-12-27,0.867,1.0109
2019-12-30,0.8677,1.0173
2019-12-31,0.8704,1.0102
2020-01-01,0.8666,1.0115
2020-01-02,0.8751,1.0069
2020-01-03,0.8785,1.0072
2020-01-06,0.8775,1.006
2020-01-07,0.8782,1.0066
2020-01-08,0.8865,1.0135
2020-01-09,0.8864,1.0131
2020-01-10,0.8844,1.0114
2020-01-13,0.8818,1.0115
2020-01-14,0.8859,1.0161
2020-01-15,0.8863,1.0189
2020-01-16,0.8878,1.0174
2020-01-17,0.8837,1.02
2020-01-20,0.8837,1.0233
2020-01-21,0.8847,1.0264
2020-01-22,0.8783,1.0207
2020-01-23,0.8773,1.0207
2020-01-24,0.8824,1.0213
2020-01-27,0.8791,1.0235
2020-01-28,0.8749,1.019
2020-01-29,0.8742,1.0161
2020-01-30,0.878,1.0113
2020-01-31,0.8709,1.0052
2020-02-03,0.8781,1.0099
2020-02-04,0.8785,1.0049
2020-02-05,0.8737,1.0069
2020-02-06,0.8691,1.0076
2020-02-07,0.8637,1.0
2020-02-10,0.8715,1.0087
2020-02-11,0.87,1.0061
2020-02-12,0.868,1.006
2020-02-13,0.8684,0.9994
2020-02-14,0.8683,0.9977
2020-02-17,0.8675,1.0
2020-02-18,0.8648,1.0016
2020-02-19,0.8608,0.9994
2020-02-20,0.8588,1.0058
2020-02-21,0.857,1.007
2020-02-24,0.8541,0.9993
2020-02-25,0.852,0.998
2020-02-26,0.8481,1.0037
2020-02-27,0.8439,1.0035
2020-02-28,0.8368,1.0089
2020-03-02,0.8369,1.0119
2020-03-03,0.836,1.0196
2020-03-04,0.8338,1.0183
2020-03-05,0.8361,1.015
2020-03-06,0.8281,1.0111
2020-03-09,0.8264,1.01
2020-03-10,0.8247,1.008
2020-03-11,0.8165,0.9976
2020-03-12,0.8199,1.0009
2020-03-13,0.8196,1.0018
2020-03-16,0.8218,1.0129
2020-03-17,0.8229,1.015
2020-03-18,0.8182,1.0065
2020-03-20,0.815,1.0019
2020-03-23,0.8182,1.0153
2020-03-24,0.8166,1.0109
2020-03-25,0.8189,1.0138
2020-03-26,0.818,1.0185
2020-03-27,0.8196,1.0112
2020-03-30,0.8253,1.0091
2020-03-31,0.8261,1.0113
2020-04-01,0.8349,1.0232
2020-04-02,0.8342,1.03
2020-04-03,0.8301,1.0235
2020-04-06,0.8257,1.0371
2020-04-07,0.8279,1.0378
2020-04-08,0.8291,1.0371
2020-04-09,0.822,1.0327
2020-04-10,0.8243,1.0352
2020-04-13,0.8279,1.0297
2020-04-14,0.8229,1.0302
2020-04-15,0.8184,1.0212
2020-04-16,0.8073,1.0276
2020-04-17,0.8113,1.0294
2020-04-20,0.8132,1.0243
2020-04-21,0.813,1.0089
2020-04-22,0.8108,1.0087
2020-04-23,0.812,1.0
2020-04-24,0.8133,0.9978
2020-04-27,0.8162,0.9972
2020-04-28,0.8134,1.0061
2020-04-29,0.8176,1.0028
2020-04-30,0.8125,0.9956
2020-05-01,0.815,1.0031
2020-05-04,0.813,1.0002
2020-05-05,0.8164,1.0031
2020-05-06,0.8181,0.9936
2020-05-07,0.8122,0.9882
2020-05-08,0.8045,0.9868
2020-05-12,0.8109,0.9876
2020-05-13,0.8124,0.9842
2020-05-14,0.8099,0.9847
2020-05-15,0.8044,0.988
2020-05-18,0.8032,0.9883
2020-05-19,0.8051,0.9859
2020-05-20,0.8098,0.9856
2020-05-21,0.8128,0.9774
2020-05-22,0.8147,0.9749
2020-05-25,0.8091,0.9758
2020-05-26,0.8055,0.9755
2020-05-27,0.8092,0.9701
2020-05-28,0.8059,0.9675
2020-05-29,0.8071,0.975
2020-06-01,0.8064,0.9749
2020-06-02,0.8027,0.9718
2020-06-03,0.8024,0.9646
2020-06-04,0.8037,0.9601
2020-06-05,0.7988,0.9557
2020-06-08,0.7951,0.9553
2020-06-09,0.7953,0.9531
2020-06-10,0.7975,0.951
2020-06-11,0.798,0.9574
2020-06-12,0.798,0.9611
2020-06-15,0.7985,0.9603
2020-06-16,0.797,0.9603
2020-06-17,0.7923,0.9607
2020-06-18,0.7927,0.9532
2020-06-19,0.7912,0.9537
2020-06-22,0.7855,0.9521
2020-06-23,0.7844,0.958
2020-06-24,0.7875,0.9506
2020-06-26,0.7764,0.9516
2020-06-29,0.7738,0.95
2020-06-30,0.7699,0.9537
2020-07-01,0.7743,0.9498
2020-07-02,0.7753,0.9525
2020-07-03,0.7777,0.9536
2020-07-06,0.7769,0.9525
2020-07-07,0.7784,0.9554
2020-07-09,0.7799,0.9597
2020-07-10,0.7819,0.9558
2020-07-13,0.7843,0.9508
2020-07-14,0.788,0.9493
2020-07-15,0.7864,0.9476
2020-07-16,0.7842,0.9468
2020-07-20,0.7874,0.9479
2020-07-22,0.7828,0.9568
2020-07-23,0.7848,0.9652
2020-07-24,0.7802,0.9646
2020-07-27,0.7852,0.9576
2020-07-28,0.7886,0.9576
2020-07-29,0.7879,0.948
2020-07-30,0.7893,0.9448
2020-07-31,0.7891,0.947
2020-08-03,0.7927,0.9491
2020-08-04,0.7886,0.9458
2020-08-05,0.7852,0.9428
2020-08-06,0.7773,0.9449
2020-08-07,0.7776,0.9465
2020-08-10,0.777,0.9474
2020-08-11,0.7766,0.9415
2020-08-12,0.7761,0.9513
2020-08-13,0.7762,0.953
2020-08-14,0.7715,0.9533
2020-08-17,0.7743,0.9541
2020-08-18,0.7736,0.9565
2020-08-19,0.7755,0.9466
2020-08-20,0.7783,0.9459
2020-08-21,0.7708,0.9399
2020-08-24,0.7724,0.9383
2020-08-25,0.7725,0.9345
2020-08-26,0.7686,0.9323
2020-08-27,0.7661,0.9302
2020-08-28,0.7669,0.9285
2020-08-31,0.7647,0.9319
2020-09-01,0.767,0.9262
2020-09-02,0.7707,0.9231
2020-09-03,0.7748,0.9204
2020-09-04,0.7739,0.921
2020-09-07,0.7752,0.9215
2020-09-08,0.7727,0.9196
2020-09-09,0.7736,0.917
2020-09-10,0.7719,0.9161
2020-09-11,0.7747,0.9099
2020-09-14,0.7718,0.9146
2020-09-15,0.7728,0.9167
2020-09-16,0.7721,0.9196
2020-09-17,0.7711,0.9301
2020-09-18,0.7685,0.9287
2020-09-21,0.7703,0.9314
2020-09-22,0.7679,0.9321
2020-09-23,0.7645,0.9311
2020-09-24,0.7657,0.9293
2020-09-25,0.7701,0.93
2020-09-28,0.7657,0.9319
2020-09-29,0.7662,0.9366
2020-10-01,0.7642,0.9407
2020-10-02,0.7653,0.9401
2020-10-05,0.7694,0.9391
2020-10-06,0.7653,0.9417
2020-10-07,0.7718,0.9353
2020-10-08,0.772,0.9342
2020-10-09,0.7734,0.9371
2020-10-12,0.7762,0.9345
2020-10-13,0.7815,0.9394
2020-10-14,0.7844,0.9381
2020-10-15,0.7823,0.9411
2020-10-16,0.7828,0.9358
2020-10-19,0.7831,0.9408
2020-10-20,0.7813,0.941
2020-10-21,0.7844,0.9435
2020-10-22,0.7816,0.9441
2020-10-23,0.785,0.9416
2020-10-26,0.7918,0.9427
2020-10-27,0.7866,0.939
2020-10-28,0.7785,0.9399
2020-10-29,0.7801,0.9376
2020-11-02,0.7758,0.9285
2020-11-03,0.7761,0.9392
2020-11-04,0.7713,0.9331
2020-11-05,0.7672,0.9272
2020-11-06,0.7742,0.9264
2020-11-09,0.7739,0.9304
2020-11-10,0.7782,0.9306
2020-11-11,0.7816,0.9211
2020-11-12,0.7834,0.9229
2020-11-13,0.7821,0.9184
2020-11-16,0.7765,0.9176
2020-11-17,0.7712,0.9138
2020-11-18,0.7745,0.9163
2020-11-19,0.7724,0.9131
2020-11-20,0.7773,0.9067
2020-11-23,0.7727,0.9083
2020-11-24,0.7729,0.9158
2020-11-25,0.7762,0.913
2020-11-26,0.7811,0.9092
2020-11-27,0.787,0.9071
2020-11-30,0.7921,0.8996
2020-12-01,0.7866,0.9123
2020-12-02,0.7813,0.9156
2020-12-03,0.7821,0.9232
2020-12-04,0.7796,0.9113
2020-12-07,0.7803,0.914
2020-12-08,0.7819,0.9187
2020-12-09,0.7838,0.9208
2020-12-10,0.7807,0.9156
2020-12-11,0.7821,0.9058
2020-12-14,0.7861,0.9142
2020-12-15,0.7918,0.9107
2020-12-16,0.7918,0.9092
2020-12-17,0.7886,0.9033
2020-12-18,0.7837,0.9047
2020-12-21,0.7779,0.9095
2020-12-22,0.7748,0.9158
2020-12-23,0.7761,0.9131
2020-12-24,0.7744,0.9103
2020-12-25,0.7741,0.9135
2020-12-28,0.7769,0.9185
2020-12-29,0.778,0.9109
2020-12-30,0.7752,0.9127
2021-01-01,0.7745,0.9212
2021-01-04,0.778,0.9266
2021-01-05,0.7817,0.9248
2021-01-06,0.788,0.9219
2021-01-07,0.7903,0.9184
2021-01-08,0.793,0.9242
2021-01-11,0.7944,0.9241
2021-01-12,0.7901,0.9301
2021-01-13,0.7934,0.9366
2021-01-14,0.7966,0.9397
2021-01-15,0.7919,0.938
2021-01-18,0.7912,0.9423
2021-01-19,0.794,0.9432
2021-01-20,0.7907,0.9379
2021-01-21,0.7874,0.9288
2021-01-22,0.786,0.928
2021-01-25,0.7824,0.9375
2021-01-26,0.7786,0.9351
2021-01-27,0.7774,0.9453
2021-01-28,0.7805,0.9428
2021-01-29,0.7855,0.9429
2021-02-01,0.7861,0.9437
2021-02-02,0.7811,0.9441
2021-02-03,0.7766,0.945
2021-02-04,0.7797,0.9496
2021-02-08,0.7813,0.9481
2021-02-09,0.7863,0.9446
2021-02-10,0.7866,0.9446
2021-02-11,0.788,0.9443
2021-02-12,0.7865,0.942
2021-02-15,0.786,0.9401
2021-02-16,0.7864,0.9346
2021-02-17,0.7853,0.9402
2021-02-18,0.7844,0.9412
2021-02-19,0.7858,0.9408
2021-02-22,0.7929,0.9431
2021-02-23,0.7887,0.9484
2021-02-24,0.786,0.9438
2021-02-25,0.7849,0.9455
2021-02-26,0.7897,0.9456
2021-03-01,0.7918,0.9452
2021-03-02,0.7927,0.9528
2021-03-03,0.7907,0.9481
2021-03-04,0.7834,0.9487
2021-03-05,0.7871,0.9472
2021-03-08,0.7905,0.9434
2021-03-09,0.7899,0.9435
2021-03-10,0.7887,0.954
2021-03-11,0.7917,0.9589
2021-03-12,0.7894,0.9622
2021-03-15,0.795,0.9638
2021-03-16,0.7976,0.9633
2021-03-17,0.7997,0.9708
2021-03-18,0.8002,0.9726
2021-03-19,0.8009,0.9797
2021-03-22,0.8006,0.9896
2021-03-23,0.7993,0.9922
2021-03-24,0.7968,0.9887
2021-03-25,0.8028,0.9926
2021-03-26,0.8042,0.9895
2021-03-29,0.8058,0.9859
2021-03-30,0.8104,0.985
2021-03-31,0.8107,0.9895
2021-04-01,0.8155,0.9914
2021-04-02,0.815,0.9945
2021-04-05,0.8179,0.9929
2021-04-06,0.8184,0.9943
2021-04-08,0.8237,1.0077
2021-04-09,0.8226,1.0139
2021-04-12,0.8223,1.0117
2021-04-13,0.8174,1.0099
2021-04-14,0.8138,1.0087
2021-04-15,0.8175,1.0033
2021-04-16,0.8128,1.0144
2021-04-19,0.8106,1.0132
2021-04-21,0.8069,1.0124
2021-04-22,0.8032,1.0149
2021-04-23,0.804,1.0131
2021-04-26,0.8061,1.0165
2021-04-27,0.8082,1.0118
2021-04-28,0.8085,1.021
2021-04-29,0.8113,1.0262
2021-04-30,0.8077,1.0277
2021-05-03,0.805,1.0263
2021-05-04,0.8025,1.0251
2021-05-05,0.8055,1.0267
2021-05-06,0.8065,1.0134
2021-05-07,0.8082,1.0225
2021-05-10,0.8063,1.027
2021-05-11,0.8027,1.0337
2021-05-12,0.7998,1.0361
2021-05-13,0.8038,1.0323
2021-05-14,0.8035,1.0327
2021-05-17,0.8048,1.0363
2021-05-18,0.8004,1.0355
2021-05-19,0.8003,1.0344
2021-05-20,0.801,1.0197
2021-05-21,0.7998,1.0294
2021-05-24,0.8059,1.0309
2021-05-26,0.8077,1.0253
2021-05-27,0.8067,1.0205
2021-05-28,0.8056,1.0127
2021-05-31,0.8038,1.009
2021-06-01,0.8011,1.0141
2021-06-02,0.7947,1.0149
2021-06-03,0.7948,1.0144
2021-06-04,0.7971,1.0182
2021-06-07,0.7996,1.0219
2021-06-08,0.8036,1.0199
2021-06-09,0.8046,1.0249
2021-06-10,0.8059,1.0287
2021-06-11,0.8054,1.027
2021-06-14,0.8067,1.0263
2021-06-15,0.8068,1.0149
2021-06-16,0.8071,1.023
2021-06-18,0.8081,1.0224
2021-06-21,0.8114,1.0293
2021-06-22,0.8125,1.0236
2021-06-24,0.8096,1.0192
2021-06-25,0.81,1.02
2021-06-28,0.8122,1.0239
2021-06-29,0.8126,1.0212
2021-06-30,0.8106,1.0163
2021-07-01,0.8103,1.008
2021-07-02,0.8126,1.0009
2021-07-05,0.8122,0.9998
2021-07-06,0.8145,0.9918
2021-07-07,0.8154,0.9914
2021-07-08,0.8197,0.9875
2021-07-09,0.8217,0.984
2021-07-12,0.8183,0.999
2021-07-13,0.8222,0.9945
2021-07-14,0.8226,0.9938
2021-07-15,0.819,0.9936
2021-07-19,0.8143,1.0012
2021-07-20,0.8124,1.0047
2021-07-21,0.8158,1.0083
2021-07-22,0.8167,1.0083
2021-07-23,0.8166,1.0092
2021-07-26,0.8202,1.0125
2021-07-27,0.8227,1.0134
2021-07-28,0.8221,1.0138
2021-07-29,0.8195,1.0174
2021-07-30,0.8133,1.0242
2021-08-02,0.8165,1.0258
2021-08-03,0.8117,1.0279
2021-08-04,0.814,1.0267
2021-08-05,0.8096,1.0336
2021-08-06,0.8073,1.0338
2021-08-09,0.8063,1.027
2021-08-10,0.8029,1.0291
2021-08-11,0.8065,1.0309
2021-08-12,0.8033,1.0244
2021-08-13,0.8131,1.0298
2021-08-16,0.8071,1.0354
2021-08-17,0.8102,1.0339
2021-08-18,0.8102,1.0365
2021-08-19,0.8081,1.0374
2021-08-20,0.8087,1.0372
2021-08-23,0.8067,1.026
2021-08-24,0.8059,1.0311
2021-08-25,0.8097,1.0313
2021-08-26,0.8121,1.035
2021-08-27,0.8144,1.034
2021-08-30,0.8196,1.0468
2021-08-31,0.8197,1.0419
2021-09-02,0.8215,1.042
2021-09-03,0.8216,1.0383
2021-09-06,0.8261,1.0428
2021-09-08,0.8226,1.037
2021-09-09,0.8232,1.0357
2021-09-10,0.8239,1.0376
2021-09-13,0.8204,1.044
2021-09-14,0.8198,1.0294
2021-09-15,0.8196,1.023
2021-09-16,0.8191,1.018
2021-09-17,0.8217,1.0183
2021-09-20,0.8163,1.0212
2021-09-21,0.8243,1.024
2021-09-22,0.8262,1.0154
2021-09-23,0.8284,1.0186
2021-09-24,0.8288,1.017
2021-09-27,0.8303,1.0149
2021-09-28,0.8354,1.0085
2021-09-29,0.8381,1.0066
2021-09-30,0.8387,1.0005
2021-10-01,0.8442,0.9965
2021-10-04,0.8417,1.0004
2021-10-05,0.8384,0.9995
2021-10-06,0.8361,0.997
2021-10-07,0.8391,0.9909
2021-10-08,0.8464,0.9857
2021-10-11,0.8528,0.9802
2021-10-12,0.8565,0.987
2021-10-14,0.8501,1.0
2021-10-15,0.8514,1.0019
2021-10-18,0.8502,1.0034
2021-10-19,0.8497,1.014
2021-10-20,0.8481,1.012
2021-10-21,0.8503,1.008
2021-10-22,0.8501,1.0129
2021-10-25,0.8404,1.0144
2021-10-26,0.8423,1.0181
2021-10-27,0.839,1.0156
2021-10-28,0.8377,1.0201
2021-10-29,0.8371,1.0213
2021-11-01,0.8366,1.0228
2021-11-02,0.8324,1.0188
2021-11-03,0.8303,1.0284
2021-11-04,0.8324,1.0271
2021-11-05,0.8383,1.0265
2021-11-08,0.8396,1.0281
2021-11-09,0.8408,1.0325
2021-11-10,0.843,1.037
2021-11-12,0.8422,1.0443
2021-11-15,0.8383,1.0498
2021-11-16,0.835,1.0531
2021-11-17,0.8329,1.0576
2021-11-18,0.8394,1.0674
2021-11-19,0.8421,1.0718
2021-11-22,0.8398,1.0707
2021-11-23,0.844,1.0844
2021-11-24,0.8433,1.0887
2021-11-25,0.847,1.0831
2021-11-26,0.8527,1.0806
2021-11-29,0.8524,1.078
2021-11-30,0.8503,1.069
2021-12-01,0.8551,1.0588
2021-12-02,0.8559,1.0668
2021-12-03,0.8554,1.0628
2021-12-06,0.8507,1.0656
2021-12-07,0.8535,1.0693
2021-12-08,0.8487,1.0757
2021-12-09,0.8404,1.0882
2021-12-10,0.8467,1.0914
2021-12-13,0.8439,1.0875
2021-12-14,0.8415,1.0867
2021-12-15,0.8403,1.0824
2021-12-16,0.8387,1.0939
2021-12-17,0.8395,1.096
2021-12-20,0.8385,1.0989
2021-12-21,0.8372,1.1087
2021-12-22,0.8403,1.1058
2021-12-23,0.8419,1.1059
2021-12-24,0.8441,1.1173
2021-12-27,0.8462,1.1287
2021-12-28,0.8439,1.124
2021-12-29,0.8436,1.1216
2021-12-30,0.8376,1.1179
2021-12-31,0.8405,1.1176
2022-01-03,0.8445,1.1116
2022-01-04,0.8465,1.1128
2022-01-05,0.8452,1.1237
2022-01-07,0.8501,1.1315
2022-01-10,0.8526,1.1393
2022-01-11,0.8569,1.1436
2022-01-12,0.8544,1.1447
2022-01-13,0.8599,1.1451
2022-01-14,0.8618,1.1447
2022-01-17,0.8649,1.1504
2022-01-18,0.8646,1.1525
2022-01-19,0.8628,1.1425
2022-01-20,0.8633,1.1513
2022-01-21,0.861,1.1584
2022-01-24,0.8567,1.1619
2022-01-25,0.8527,1.1608
2022-01-26,0.851,1.1618
2022-01-27,0.8542,1.1593
2022-01-28,0.8529,1.1559
2022-01-31,0.8521,1.1644
2022-02-01,0.8565,1.1695
2022-02-02,0.8576,1.169
2022-02-03,0.8616,1.173
2022-02-04,0.8602,1.1785
2022-02-08,0.856,1.1688
2022-02-09,0.8528,1.1709
2022-02-10,0.8518,1.1641
2022-02-11,0.8499,1.1629
2022-02-14,0.8429,1.1605
2022-02-15,0.8413,1.1623
2022-02-16,0.8427,1.1504
2022-02-17,0.8489,1.1444
2022-02-18,0.8473,1.1544
2022-02-21,0.8523,1.1543
2022-02-22,0.8547,1.1522
2022-02-23,0.8486,1.1502
2022-02-24,0.8514,1.1576
2022-02-25,0.8514,1.1628
2022-02-28,0.8553,1.1583
2022-03-01,0.8584,1.1664
2022-03-02,0.8516,1.1717
2022-03-03,0.8499,1.1708
2022-03-04,0.8496,1.1779
2022-03-07,0.847,1.1813
2022-03-08,0.8446,1.1901
2022-03-09,0.843,1.1872
2022-03-10,0.8442,1.1834
2022-03-11,0.842,1.1711
2022-03-14,0.8416,1.1663
2022-03-15,0.8418,1.1638
2022-03-16,0.8417,1.1545
2022-03-17,0.8483,1.1564
2022-03-18,0.8421,1.1436
2022-03-21,0.8406,1.1388
2022-03-22,0.8401,1.1459
2022-03-23,0.831,1.1459
2022-03-24,0.8295,1.1461
2022-03-25,0.8306,1.146
2022-03-28,0.8298,1.1386
2022-03-29,0.8318,1.1397
2022-03-30,0.8346,1.1376
2022-03-31,0.827,1.1428
2022-04-01,0.8287,1.1426
2022-04-04,0.8309,1.1457
2022-04-05,0.8351,1.1441
2022-04-06,0.8381,1.1403
2022-04-07,0.8388,1.1365
2022-04-08,0.8341,1.1407
2022-04-11,0.8347,1.1485
2022-04-12,0.8341,1.144
2022-04-14,0.8343,1.1332
2022-04-15,0.8334,1.1487
2022-04-18,0.833,1.1524
2022-04-19,0.8327,1.1523
2022-04-20,0.8348,1.1534
2022-04-21,0.8383,1.1594
2022-04-22,0.8357,1.153
2022-04-25,0.8379,1.1491
2022-04-26,0.8357,1.1459
2022-04-27,0.8317,1.1401
2022-04-28,0.8332,1.1387
2022-04-29,0.8313,1.1423
2022-05-02,0.8291,1.1397
2022-05-03,0.8317,1.1419
2022-05-04,0.833,1.1452
2022-05-05,0.8372,1.152
2022-05-06,0.8382,1.1561
2022-05-09,0.8363,1.1556
2022-05-10,0.834,1.154
2022-05-11,0.8284,1.1448
2022-05-12,0.8266,1.1452
2022-05-13,0.826,1.1439
2022-05-16,0.8244,1.1387
2022-05-17,0.8241,1.1385
2022-05-18,0.8242,1.134
2022-05-19,0.8293,1.1349
2022-05-20,0.8275,1.1375
2022-05-23,0.824,1.1361
2022-05-24,0.8224,1.128
2022-05-25,0.8202,1.1241
2022-05-26,0.821,1.1307
2022-05-27,0.8176,1.1453
2022-05-30,0.8157,1.1412
2022-05-31,0.8131,1.1406
2022-06-01,0.8142,1.1408
2022-06-02,0.8134,1.1387
2022-06-03,0.8137,1.1371
2022-06-06,0.8165,1.1403
2022-06-07,0.8158,1.1464
2022-06-08,0.816,1.1402
2022-06-09,0.8129,1.1336
2022-06-10,0.8091,1.1279
2022-06-13,0.8059,1.1219
2022-06-14,0.805,1.1251
2022-06-15,0.8044,1.1313
2022-06-16,0.802,1.1338
2022-06-17,0.8032,1.1381
2022-06-20,0.8048,1.1469
2022-06-21,0.8055,1.1444
2022-06-22,0.8066,1.1359
2022-06-23,0.8072,1.1414
2022-06-24,0.8097,1.1467
2022-06-27,0.8126,1.1493
2022-06-28,0.8104,1.1366
2022-06-29,0.813,1.1325
2022-06-30,0.8048,1.1259
2022-07-01,0.8021,1.133
2022-07-04,0.8004,1.1364
2022-07-05,0.8044,1.1406
2022-07-06,0.8058,1.1418
2022-07-07,0.8047,1.1489
2022-07-08,0.8023,1.1497
2022-07-11,0.7976,1.1458
2022-07-12,0.7921,1.1513
2022-07-13,0.7965,1.1536
2022-07-15,0.7971,1.1574
2022-07-18,0.7961,1.1537
2022-07-19,0.7959,1.1522
2022-07-20,0.7989,1.1578
2022-07-21,0.7987,1.1599
2022-07-22,0.7943,1.1548
2022-07-25,0.7887,1.1615
2022-07-26,0.782,1.1591
2022-07-27,0.7813,1.1566
2022-07-28,0.7821,1.162
2022-07-29,0.783,1.1697
2022-08-02,0.7855,1.1794
2022-08-03,0.7831,1.1719
2022-08-04,0.7796,1.1618
2022-08-05,0.7816,1.1582
2022-08-09,0.7881,1.152
2022-08-11,0.7944,1.137
2022-08-12,0.8038,1.1323
2022-08-15,0.798,1.129
2022-08-16,0.7972,1.1282
2022-08-17,0.7959,1.1288
2022-08-18,0.794,1.1246
2022-08-19,0.7963,1.1298
2022-08-22,0.796,1.1283
2022-08-23,0.7948,1.13
2022-08-24,0.7905,1.1358
2022-08-26,0.7964,1.1322
2022-08-29,0.794,1.1358
2022-08-30,0.7983,1.1364
2022-08-31,0.7986,1.1384
2022-09-01,0.7925,1.1349
2022-09-02,0.7902,1.1378
2022-09-05,0.79,1.1246
2022-09-06,0.7905,1.1224
2022-09-07,0.7887,1.1204
2022-09-08,0.7899,1.1223
2022-09-09,0.7857,1.1253
2022-09-12,0.7886,1.1349
2022-09-13,0.7906,1.1338
2022-09-14,0.7873,1.1275
2022-09-15,0.7895,1.1273
2022-09-16,0.7915,1.1241
2022-09-19,0.7955,1.1248
2022-09-20,0.7959,1.1242
2022-09-21,0.7941,1.1263
2022-09-22,0.7881,1.1215
2022-09-23,0.7933,1.1367
2022-09-26,0.7933,1.1392
2022-09-27,0.7885,1.1341
2022-09-28,0.7876,1.1359
2022-09-29,0.7933,1.1325
2022-09-30,0.7911,1.1328
2022-10-03,0.7893,1.1323
2022-10-04,0.7925,1.1306
2022-10-05,0.7889,1.1317
2022-10-06,0.7886,1.1291
2022-10-07,0.7921,1.1219
2022-10-10,0.7878,1.1279
2022-10-11,0.7872,1.1293
2022-10-12,0.7844,1.1289
2022-10-13,0.7849,1.1363
2022-10-14,0.7848,1.1378
2022-10-17,0.7818,1.1468
2022-10-18,0.7863,1.1392
2022-10-19,0.7894,1.142
2022-10-20,0.7905,1.1409
2022-10-21,0.7902,1.1387
2022-10-24,0.7942,1.138
2022-10-25,0.796,1.1351
2022-10-26,0.7912,1.1308
2022-10-27,0.7891,1.12
2022-10-28,0.7887,1.1208
2022-10-31,0.7876,1.1259
2022-11-01,0.7869,1.1237
2022-11-02,0.7848,1.1255
2022-11-03,0.7866,1.1219
2022-11-04,0.7819,1.1184
2022-11-07,0.7802,1.1156
2022-11-08,0.7789,1.1158
2022-11-09,0.7765,1.1199
2022-11-10,0.7794,1.1199
2022-11-14,0.7819,1.1258
2022-11-15,0.7829,1.1263
2022-11-16,0.7854,1.1355
2022-11-17,0.7812,1.1335
2022-11-18,0.7803,1.1388
2022-11-21,0.7839,1.1414
2022-11-22,0.7802,1.1392
2022-11-23,0.78,1.1404
2022-11-24,0.7818,1.1457
2022-11-25,0.7843,1.1465
2022-11-28,0.7841,1.135
2022-11-29,0.786,1.1374
2022-11-30,0.7909,1.1334
2022-12-01,0.7892,1.1319
2022-12-02,0.7934,1.1282
2022-12-05,0.7924,1.1365
2022-12-06,0.7948,1.1402
2022-12-07,0.7942,1.1313
2022-12-08,0.7971,1.1353
2022-12-09,0.8008,1.1359
2022-12-12,0.8031,1.1367
2022-12-13,0.8017,1.1226
2022-12-14,0.8044,1.1137
2022-12-15,0.8072,1.1194
2022-12-16,0.8065,1.1218
2022-12-19,0.8067,1.1149
2022-12-20,0.8078,1.1163
2022-12-21,0.8058,1.1167
2022-12-22,0.8035,1.1182
2022-12-23,0.8029,1.1248
2022-12-26,0.7991,1.1318
2022-12-27,0.8065,1.1296
2022-12-28,0.8008,1.1324
2022-12-30,0.7925,1.1306
2023-01-02,0.7949,1.1252
2023-01-03,0.7985,1.122
2023-01-04,0.7949,1.111
2023-01-05,0.7891,1.1138
2023-01-06,0.7917,1.1175
2023-01-09,0.7964,1.1061
2023-01-10,0.7992,1.1026
2023-01-11,0.7988,1.1056
2023-01-12,0.798,1.1092
2023-01-13,0.8011,1.1013
2023-01-16,0.8062,1.0981
2023-01-17,0.8106,1.0995
2023-01-18,0.8118,1.097
2023-01-19,0.8096,1.0942
2023-01-20,0.8077,1.0935
2023-01-23,0.8098,1.0941
2023-01-24,0.8098,1.0869
2023-01-25,0.8115,1.0889
2023-01-26,0.8064,1.0772
2023-01-27,0.8086,1.0646
2023-01-30,0.8048,1.0604
2023-01-31,0.8006,1.0502
2023-02-01,0.8048,1.0507
2023-02-02,0.8059,1.0557
2023-02-03,0.8031,1.0539
2023-02-06,0.8036,1.0518
2023-02-07,0.8029,1.0519
2023-02-08,0.8067,1.0524
2023-02-09,0.8055,1.046
2023-02-10,0.8056,1.0389
2023-02-13,0.8102,1.0409
2023-02-14,0.8095,1.0319
2023-02-15,0.8111,1.0262
2023-02-16,0.8148,1.025
2023-02-17,0.8118,1.0273
2023-02-20,0.8149,1.0239
2023-02-21,0.8147,1.0217
2023-02-22,0.8147,1.0131
2023-02-23,0.814,1.011
2023-02-24,0.8078,1.0085
2023-02-27,0.8066,1.0137
2023-02-28,0.8063,1.0049
2023-03-01,0.8038,1.0097
2023-03-02,0.8107,1.0107
2023-03-03,0.8118,1.0131
2023-03-06,0.8092,1.0173
2023-03-07,0.8102,1.0129
2023-03-08,0.8071,1.0039
2023-03-09,0.7998,0.9996
2023-03-10,0.7969,1.0077
2023-03-13,0.8016,1.0002
2023-03-14,0.7933,1.0033
2023-03-15,0.798,0.9963
2023-03-16,0.8078,1.0119
2023-03-17,0.8015,1.0085
2023-03-20,0.8021,1.0138
2023-03-21,0.7963,1.0166
2023-03-22,0.7989,1.0172
2023-03-23,0.7995,1.0156
2023-03-24,0.7992,1.0177
2023-03-27,0.804,1.0146
2023-03-28,0.8028,1.016
2023-03-29,0.8043,1.0055
2023-03-30,0.805,1.0054
2023-03-31,0.8037,1.0043
2023-04-03,0.8044,1.0028
2023-04-04,0.7998,1.003
2023-04-05,0.8013,1.0001
2023-04-06,0.8064,0.9993
2023-04-07,0.7981,1.0052
2023-04-10,0.8046,1.0098
2023-04-11,0.8093,1.0207
2023-04-12,0.8179,1.0256
2023-04-13,0.8148,1.0257
2023-04-14,0.8104,1.0333
2023-04-18,0.814,1.0342
2023-04-19,0.8144,1.0441
2023-04-20,0.8129,1.0367
2023-04-21,0.8092,1.0261
2023-04-24,0.8063,1.0259
2023-04-25,0.8088,1.0299
2023-04-26,0.8104,1.0186
2023-04-27,0.8103,1.0231
2023-04-28,0.8179,1.0181
2023-05-01,0.8209,1.0183
2023-05-02,0.8231,1.0236
2023-05-03,0.8211,1.0248
2023-05-04,0.8219,1.0214
2023-05-05,0.8232,1.0195
2023-05-08,0.8199,1.0197
2023-05-09,0.8141,1.0128
2023-05-10,0.8191,1.0132
2023-05-11,0.815,1.0267
2023-05-12,0.8156,1.0216
2023-05-15,0.8172,1.0256
2023-05-16,0.8164,1.0262
2023-05-17,0.8188,1.0217
2023-05-18,0.8227,1.023
2023-05-19,0.8238,1.0262
2023-05-22,0.8267,1.0249
2023-05-23,0.8254,1.0157
2023-05-24,0.8247,1.0151
2023-05-25,0.8238,1.02
2023-05-26,0.8229,1.0142
2023-05-29,0.822,1.0153
2023-05-30,0.8135,1.0192
2023-05-31,0.8127,1.0188
2023-06-01,0.8063,1.0177
2023-06-02,0.8067,1.0131
2023-06-05,0.8031,1.0154
2023-06-06,0.8029,1.0162
2023-06-07,0.8061,1.0182
2023-06-08,0.8091,1.008
2023-06-09,0.8106,1.0132
2023-06-12,0.8086,1.0085
2023-06-13,0.8044,1.0173
2023-06-14,0.8032,1.013
2023-06-15,0.7987,1.0085
2023-06-16,0.7951,0.9989
2023-06-19,0.7993,0.9959
2023-06-20,0.7924,0.9976
2023-06-21,0.7995,0.9977
2023-06-22,0.8019,0.9951
2023-06-23,0.7989,0.9958
2023-06-26,0.7943,0.9913
2023-06-27,0.7968,0.9855
2023-06-29,0.7997,0.9877
2023-06-30,0.7942,0.9863
2023-07-03,0.7937,0.9953
2023-07-04,0.7954,0.9869
2023-07-05,0.7935,0.9947
2023-07-06,0.7911,0.9959
2023-07-07,0.7919,0.9928
2023-07-10,0.7984,0.9921
2023-07-11,0.7955,0.9881
2023-07-12,0.7927,0.9938
2023-07-14,0.7865,0.9861
2023-07-17,0.7848,0.9908
2023-07-18,0.7827,0.9899
2023-07-19,0.7854,0.98
2023-07-20,0.7866,0.9758
2023-07-21,0.7843,0.9774
2023-07-26,0.7909,0.9774
2023-07-27,0.7901,0.9861
2023-07-28,0.7873,0.9859
2023-07-31,0.7929,0.9859
2023-08-01,0.7874,0.9813
2023-08-02,0.7884,0.9798
2023-08-03,0.7875,0.977
2023-08-04,0.7871,0.9777
2023-08-07,0.7808,0.9761
2023-08-08,0.7846,0.9726
2023-08-09,0.7834,0.9683
2023-08-10,0.786,0.9745
2023-08-11,0.7848,0.9702
2023-08-14,0.783,0.9676
2023-08-15,0.7846,0.9642
2023-08-16,0.7813,0.9613
2023-08-17,0.7761,0.9561
2023-08-18,0.7765,0.9611
2023-08-21,0.7777,0.9659
2023-08-22,0.7787,0.9719
2023-08-23,0.7773,0.9768
2023-08-24,0.7805,0.9643
2023-08-25,0.7759,0.9639
2023-08-28,0.7742,0.9616
2023-08-29,0.7681,0.9642
2023-08-30,0.7683,0.9627
2023-08-31,0.766,0.9752
2023-09-01,0.7625,0.9684
2023-09-04,0.768,0.9722
2023-09-05,0.7669,0.9753
2023-09-06,0.7649,0.9762
2023-09-07,0.7646,0.9799
2023-09-08,0.76,0.9823
2023-09-11,0.7629,0.9767
2023-09-12,0.7602,0.9785
2023-09-13,0.7621,0.9757
2023-09-14,0.7647,0.9735
2023-09-15,0.7663,0.9811
2023-09-18,0.7639,0.9786
2023-09-19,0.7668,0.9803
2023-09-20,0.7688,0.9698
2023-09-21,0.7656,0.971
2023-09-22,0.7666,0.972
2023-09-25,0.766,0.9715
2023-09-26,0.7697,0.9745
2023-09-27,0.7734,0.9726
2023-09-28,0.7744,0.9739
2023-09-29,0.7725,0.9719
2023-10-02,0.7751,0.9675
2023-10-03,0.7783,0.9755
2023-10-04,0.7836,0.9736
2023-10-05,0.7842,0.978
2023-10-06,0.79,0.9777
2023-10-09,0.7903,0.9677
2023-10-10,0.786,0.9643
2023-10-11,0.787,0.9638
2023-10-12,0.7869,0.9589
2023-10-13,0.789,0.9561
2023-10-16,0.7889,0.9673
2023-10-17,0.7885,0.9735
2023-10-18,0.7917,0.9757
2023-10-19,0.7954,0.9802
2023-10-20,0.7987,0.9861
2023-10-23,0.7995,0.9882
2023-10-24,0.797,0.9932
2023-10-25,0.8003,0.9924
2023-10-26,0.8016,0.9943
2023-10-27,0.8008,0.9933
2023-10-30,0.804,0.9866
2023-10-31,0.8013,0.9833
2023-11-01,0.8006,0.9877
2023-11-03,0.7978,1.0005
2023-11-07,0.8032,1.0031
2023-11-08,0.807,0.9961
2023-11-09,0.8066,0.9833
2023-11-10,0.804,0.9848
2023-11-13,0.8002,0.9764
2023-11-14,0.7994,0.9748
2023-11-15,0.8026,0.9746
2023-11-16,0.8037,0.9753
2023-11-17,0.8052,0.969
2023-11-20,0.7969,0.9736
2023-11-21,0.7938,0.9762
2023-11-22,0.7905,0.9681
2023-11-23,0.7958,0.9591
2023-11-24,0.7965,0.9651
2023-11-27,0.7963,0.9632
2023-11-29,0.7821,0.9697
2023-11-30,0.7836,0.9722
2023-12-01,0.7819,0.9644
2023-12-04,0.7836,0.9601
2023-12-05,0.7826,0.968
2023-12-06,0.783,0.957
2023-12-07,0.7836,0.9646
2023-12-08,0.7806,0.9625
2023-12-11,0.7804,0.9602
2023-12-12,0.7797,0.9574
2023-12-13,0.7787,0.959
2023-12-14,0.7782,0.9522
2023-12-15,0.7768,0.9527
2023-12-18,0.7788,0.9552
2023-12-19,0.7816,0.9573
2023-12-20,0.7784,0.958
2023-12-21,0.7807,0.9663
2023-12-22,0.7813,0.9728
2023-12-25,0.7804,0.9783
2023-12-26,0.7744,0.9764
2023-12-27,0.7731,0.9894
2023-12-28,0.7704,0.9952
2023-12-29,0.7693,0.9945
2024-01-01,0.7735,0.9969
2024-01-02,0.7747,0.9958
2024-01-03,0.7752,0.9946
2024-01-04,0.7702,0.993
2024-01-05,0.7745,0.9983
2024-01-08,0.7747,0.9985
2024-01-09,0.7716,0.9988
2024-01-10,0.7701,1.0028
2024-01-11,0.7661,1.0003
2024-01-12,0.7702,1.0105
2024-01-16,0.7748,1.007
2024-01-17,0.7728,1.0084
2024-01-18,0.7667,1.0113
2024-01-19,0.7644,1.0134
2024-01-22,0.7616,1.0201
2024-01-23,0.7557,1.0139
2024-01-24,0.7599,1.0243
2024-01-25,0.7609,1.0139
2024-01-26,0.7687,1.0102
2024-01-29,0.7666,1.0033
2024-01-30,0.7602,1.0145
2024-01-31,0.7578,1.0152
2024-02-01,0.7603,1.0091
2024-02-02,0.7575,1.0055
2024-02-05,0.7577,1.0059
2024-02-06,0.7577,1.0119
2024-02-07,0.7558,1.0018
2024-02-08,0.7542,1.006
2024-02-09,0.7557,1.0007
2024-02-12,0.7547,0.9983
2024-02-13,0.7559,0.9978
2024-02-14,0.7537,1.0
2024-02-15,0.7521,1.0099
2024-02-16,0.7548,1.0062
2024-02-19,0.7571,0.9965
2024-02-20,0.7559,1.001
2024-02-21,0.754,1.0017
2024-02-22,0.7545,1.0091
2024-02-23,0.7581,1.0118
2024-02-26,0.7611,1.0152
2024-02-27,0.7624,1.0158
2024-02-28,0.7585,1.0171
2024-02-29,0.7588,1.0199
2024-03-01,0.755,1.0156
2024-03-04,0.7559,1.0169
2024-03-05,0.7516,1.011
2024-03-06,0.7485,1.0098
2024-03-07,0.7499,1.0161
2024-03-08,0.7498,1.0224
2024-03-11,0.746,1.0274
2024-03-12,0.7469,1.026
2024-03-13,0.7506,1.0253
2024-03-14,0.7479,1.032
2024-03-15,0.7464,1.0429
2024-03-18,0.7385,1.0428
2024-03-19,0.7376,1.0384
2024-03-20,0.7401,1.0261
2024-03-21,0.7389,1.0212
2024-03-22,0.7395,1.0315
2024-03-25,0.7382,1.0277
2024-03-26,0.7424,1.0276
2024-03-27,0.7422,1.0201
2024-03-28,0.7408,1.0119
2024-03-29,0.7417,1.0163
2024-04-01,0.742,1.0174
2024-04-02,0.7446,1.0187
2024-04-03,0.7428,1.0276
2024-04-04,0.7481,1.0324
2024-04-05,0.7521,1.0333
2024-04-08,0.7539,1.0353
2024-04-09,0.752,1.0355
2024-04-10,0.7523,1.0284
2024-04-11,0.753,1.0289
2024-04-12,0.7543,1.0345
2024-04-15,0.7533,1.0296
2024-04-16,0.7534,1.0382
2024-04-17,0.7466,1.0363
2024-04-18,0.7509,1.0332
2024-04-19,0.7526,1.0277
2024-04-22,0.7513,1.0325
2024-04-24,0.7577,1.0312
2024-04-25,0.7553,1.0332
2024-04-26,0.7507,1.0334
2024-04-29,0.7532,1.0278
2024-04-30,0.7529,1.0345
2024-05-01,0.754,1.0377
2024-05-02,0.754,1.0292
2024-05-03,0.7523,1.026
2024-05-06,0.7476,1.032
2024-05-07,0.7447,1.0206
2024-05-08,0.7472,1.0163
2024-05-09,0.7498,1.0173
2024-05-10,0.749,1.0201
2024-05-13,0.7503,1.0265
2024-05-14,0.751,1.0336
2024-05-15,0.7478,1.0404
2024-05-16,0.7501,1.0369
2024-05-17,0.7474,1.0354
2024-05-21,0.7464,1.0189
2024-05-22,0.7418,1.0223
2024-05-23,0.7428,1.0215
2024-05-24,0.744,1.0178
2024-05-27,0.7479,1.0251
2024-05-28,0.7496,1.024
2024-05-29,0.7508,1.0238
2024-05-30,0.7495,1.02
2024-05-31,0.7511,1.0209
2024-06-03,0.7506,1.0154
2024-06-04,0.7525,1.017
2024-06-05,0.7504,1.0121
2024-06-06,0.7525,1.0206
2024-06-07,0.744,1.017
2024-06-11,0.7412,1.0114
2024-06-12,0.7429,1.0092
2024-06-13,0.7454,1.0099
2024-06-14,0.7404,1.0062
2024-06-17,0.7418,0.9992
2024-06-18,0.7377,1.0018
2024-06-19,0.7416,0.9982
2024-06-20,0.7489,1.0042
2024-06-21,0.7529,1.0115
2024-06-24,0.7564,1.0058
2024-06-25,0.7601,0.9969
2024-06-26,0.7567,1.0031
2024-06-27,0.756,1.0064
2024-06-28,0.7607,1.0014
2024-07-01,0.761,1.0065
2024-07-02,0.759,1.0115
2024-07-03,0.7579,1.0026
2024-07-04,0.7638,1.0022
2024-07-05,0.7628,1.0
2024-07-08,0.7645,1.0035
2024-07-09,0.7657,1.0013
2024-07-10,0.767,1.0001
2024-07-11,0.7718,0.9985
2024-07-12,0.7714,0.995
2024-07-15,0.7768,0.9958
2024-07-16,0.7796,0.9951
2024-07-17,0.7784,0.9944
2024-07-18,0.7822,1.0031
2024-07-19,0.7841,0.998
2024-07-22,0.7863,0.9972
2024-07-23,0.7891,0.9957
2024-07-24,0.789,0.9919
2024-07-25,0.783,0.9932
2024-07-26,0.7823,0.9939
2024-07-29,0.7831,0.9877
2024-07-30,0.7887,0.9821
2024-07-31,0.7913,0.9867
2024-08-01,0.7895,0.9876
2024-08-02,0.7883,0.9886
2024-08-05,0.7922,0.9857
2024-08-06,0.7922,0.9845
2024-08-07,0.79,0.9837
2024-08-08,0.7824,0.9776
2024-08-09,0.7811,0.9743
2024-08-12,0.7834,0.9706
2024-08-13,0.7805,0.9764
2024-08-14,0.7765,0.978
2024-08-15,0.7821,0.9745
2024-08-16,0.779,0.9791
2024-08-19,0.7751,0.9784
2024-08-20,0.7737,0.988
2024-08-21,0.7764,0.9953
2024-08-22,0.7771,0.9932
2024-08-23,0.779,0.9872
2024-08-26,0.7733,0.9894
2024-08-27,0.7717,0.9883
2024-08-28,0.772,0.9916
2024-08-29,0.7744,0.9867
2024-08-30,0.7772,0.9813
2024-09-02,0.7828,0.9834
2024-09-03,0.7854,0.9829
2024-09-04,0.7815,0.9846
2024-09-05,0.7779,0.9917
2024-09-06,0.7728,0.9879
2024-09-09,0.7692,0.9914
2024-09-10,0.7682,0.988
2024-09-12,0.7647,0.9907
2024-09-13,0.76,0.986
2024-09-16,0.7569,0.9827
2024-09-17,0.7582,0.9771
2024-09-18,0.7594,0.9703
2024-09-19,0.7613,0.9691
2024-09-20,0.7643,0.9796
2024-09-23,0.7711,0.9742
2024-09-24,0.7721,0.9786
2024-09-25,0.7703,0.9785
2024-09-26,0.7673,0.9747
2024-09-27,0.7677,0.9866
2024-09-30,0.7686,0.984
2024-10-01,0.7687,0.9807
2024-10-02,0.7791,0.9835
2024-10-03,0.7818,0.9847
2024-10-07,0.7815,0.9879
2024-10-08,0.7873,0.9843
2024-10-09,0.7853,0.9756
2024-10-10,0.7824,0.9857
2024-10-11,0.7823,0.9856
2024-10-14,0.7844,0.9829
2024-10-15,0.7881,0.9793
2024-10-16,0.7912,0.9807
2024-10-17,0.7905,0.974
2024-10-21,0.7972,0.9718
2024-10-22,0.7994,0.9725
2024-10-23,0.7972,0.9743
2024-10-24,0.7963,0.9758
2024-10-25,0.7962,0.9792
2024-10-28,0.7972,0.9821
2024-10-29,0.7946,0.988
2024-10-30,0.7965,0.9864
2024-10-31,0.7987,0.9857
2024-11-01,0.7983,0.9899
2024-11-04,0.8052,0.9825
2024-11-06,0.8009,0.982
2024-11-07,0.8026,0.9907
2024-11-08,0.8017,0.9981
2024-11-11,0.8014,0.9925
2024-11-12,0.797,0.9964
2024-11-13,0.7945,0.9986
2024-11-14,0.7913,0.9916
2024-11-15,0.7873,0.9913
2024-11-18,0.789,0.9922
2024-11-19,0.7899,0.9885
2024-11-20,0.7971,0.9868
2024-11-21,0.7943,0.9922
2024-11-22,0.8001,0.9896
2024-11-25,0.8006,0.9882
2024-11-26,0.8048,0.9905
2024-11-27,0.8088,0.9846
2024-11-28,0.8107,0.973
2024-11-29,0.8061,0.9789
2024-12-02,0.8127,0.9803
2024-12-03,0.8133,0.9827
2024-12-05,0.8091,0.9813
2024-12-06,0.8093,0.988
2024-12-09,0.8067,0.9812
2024-12-10,0.8018,0.983
2024-12-11,0.8022,0.9799
2024-12-12,0.8019,0.9851
2024-12-13,0.7992,0.9837
2024-12-16,0.8011,0.9836
2024-12-17,0.8006,0.988
2024-12-18,0.797,0.9878
2024-12-19,0.7934,0.988
2024-12-20,0.7913,0.9952
2024-12-23,0.7939,1.0014
2024-12-24,0.7932,1.0014
2024-12-25,0.7927,1.0077
2024-12-26,0.7894,1.0107
2024-12-27,0.789,1.0065
2024-12-30,0.7882,1.0093
2024-12-31,0.7891,1.0125
