date,INDEX,BANK1,BANK2,BANK3,BANK4,PHARMA1,PHARMA2,PHARMA3,PHARMA4,FOOD1,FOOD2,FOOD3,FOOD4,TECH1,TECH2,TECH3,TECH4,INDU1,INDU2,INDU3,INDU4
2010-01-31,1029.83,100.45,102.92,97.41,107.38,100.2,95.77,92.53,99.98,97.37,104.02,91.57,95.08,108.3,108.91,101.43,,102.52,102.98,101.11,99.88
2010-02-28,1091.49,111.55,116.95,109.76,116.89,112.02,105.13,99.0,110.35,101.17,112.5,97.39,102.29,114.58,123.7,109.36,,115.63,118.46,113.51,107.14
2010-03-31,1109.64,114.52,115.75,121.32,121.76,126.67,116.42,107.99,112.64,108.19,117.51,100.36,112.1,123.32,122.35,119.75,,115.74,123.6,116.39,119.69
2010-04-30,1053.62,107.18,111.32,116.79,117.7,128.51,111.83,107.16,111.6,111.38,118.71,101.65,111.22,111.97,112.48,106.5,,112.53,116.83,114.71,120.99
2010-05-31,1066.15,100.64,104.2,106.81,113.89,126.44,101.73,104.22,109.09,114.45,122.02,97.68,113.88,119.77,120.65,112.3,,120.89,131.86,120.97,134.62
2010-06-30,1078.05,105.69,105.86,105.48,120.04,119.04,96.88,99.14,95.05,118.27,120.15,97.62,117.38,134.22,133.71,122.61,,132.18,142.05,112.53,135.73
2010-07-31,1062.88,109.83,103.31,113.27,130.52,119.42,89.47,95.33,93.12,110.1,115.49,90.66,117.68,139.67,138.88,129.0,,128.12,143.91,108.55,139.53
2010-08-31,1010.01,103.2,100.81,109.84,127.94,114.93,89.36,89.34,96.29,107.04,119.65,90.05,118.66,139.16,141.01,123.54,,124.95,137.17,98.76,139.39
2010-09-30,1014.36,107.96,108.08,112.89,130.16,115.01,96.62,92.14,97.58,110.32,121.39,90.55,127.9,139.34,140.47,121.55,,139.56,143.93,97.86,139.29
2010-10-31,951.53,98.75,98.43,101.33,112.08,109.34,89.56,89.32,95.51,104.61,105.35,82.98,126.41,125.27,132.59,120.64,,133.67,137.69,93.71,124.95
2010-11-30,951.55,88.18,88.87,97.31,105.62,107.97,85.39,90.18,85.23,109.36,106.1,84.13,128.08,118.91,132.85,116.61,,132.65,146.87,93.18,121.66
2010-12-31,957.62,89.45,83.56,91.66,108.77,113.81,92.78,95.72,89.17,107.46,107.3,80.25,123.45,113.81,139.03,116.99,,137.0,154.4,105.07,124.85
2011-01-31,1049.34,97.6,94.53,105.57,129.97,114.6,93.17,93.99,88.25,115.16,113.99,83.71,129.37,134.15,159.16,127.64,,149.29,179.4,116.04,132.79
2011-02-28,1109.65,109.12,105.53,110.45,151.07,128.8,104.38,99.38,97.89,123.67,112.42,91.63,137.92,152.0,170.22,134.73,,158.68,191.17,123.62,133.79
2011-03-31,1162.99,120.65,111.36,129.44,167.25,136.39,93.48,97.95,91.47,125.18,103.15,92.0,136.26,155.64,187.11,141.98,,167.13,196.34,138.32,135.45
2011-04-30,1197.41,124.01,122.75,132.49,174.82,140.1,99.56,100.06,98.45,135.55,110.99,93.55,144.98,164.38,196.68,146.24,,161.9,192.54,150.8,135.4
2011-05-31,1193.94,136.58,119.65,136.06,179.19,141.54,99.41,97.52,96.59,140.14,108.58,89.27,150.54,155.9,201.02,142.02,,153.46,173.77,137.33,130.28
2011-06-30,1188.89,129.58,123.51,133.37,182.16,142.39,95.18,102.77,98.94,129.31,95.87,85.27,142.67,148.39,196.93,138.98,,150.59,188.23,145.3,128.82
2011-07-31,1173.0,134.14,135.8,124.32,183.8,143.31,98.34,105.9,100.89,127.73,97.51,89.87,140.32,142.69,175.22,132.68,,151.4,180.06,160.92,129.18
2011-08-31,1215.51,147.71,154.92,139.03,198.21,137.26,106.13,108.26,103.95,120.78,100.34,88.86,131.48,151.59,185.43,132.89,,169.02,163.61,160.84,128.75
2011-09-30,1284.1,163.3,178.84,149.75,209.54,130.23,102.21,111.51,100.78,127.29,100.56,84.07,135.65,144.85,184.33,136.01,,183.67,167.62,160.51,124.64
2011-10-31,1277.82,161.11,179.01,146.16,213.14,125.76,102.39,106.24,99.67,124.21,107.29,89.28,141.9,145.79,192.3,136.08,,192.97,160.46,158.62,134.96
2011-11-30,1282.78,165.63,182.78,152.79,221.26,138.81,102.45,106.09,101.47,118.97,106.41,86.79,140.34,137.16,198.52,132.23,,204.66,156.25,166.1,134.86
2011-12-31,1323.18,168.13,187.12,158.48,230.77,136.27,96.24,105.51,103.02,116.54,96.84,88.62,145.31,152.09,209.0,137.06,,217.74,164.89,169.06,143.91
2012-01-31,1396.37,168.64,205.99,164.87,256.17,144.01,97.69,109.15,102.76,131.84,94.09,89.41,160.69,177.94,240.34,149.18,,252.04,187.99,179.41,159.3
2012-02-29,1482.52,177.49,227.03,190.9,280.2,152.45,113.3,116.96,112.84,135.7,106.28,99.74,163.95,191.24,257.87,166.86,,256.71,192.08,174.76,171.21
2012-03-31,1619.46,186.69,245.36,212.54,322.93,161.9,122.49,126.13,122.0,151.39,113.19,107.04,174.73,227.73,312.47,201.79,,263.11,222.46,198.23,172.4
2012-04-30,1685.91,211.87,268.45,241.29,389.44,164.52,128.21,131.95,121.33,152.83,109.84,113.14,167.5,229.52,297.7,211.04,,278.18,236.94,197.92,166.44
2012-05-31,1757.19,222.17,294.24,236.36,408.23,179.95,142.81,141.39,122.96,151.02,101.47,109.72,163.84,229.64,347.17,216.81,,282.11,248.92,206.01,176.45
2012-06-30,1866.49,227.08,334.09,250.23,458.92,182.81,142.42,141.86,137.74,160.61,110.46,118.92,172.96,254.93,403.26,256.09,,285.75,276.4,221.18,196.58
2012-07-31,1820.15,227.59,323.21,242.92,445.29,170.83,143.18,136.04,127.48,163.62,107.08,112.74,185.61,240.47,378.78,250.88,,256.01,257.43,218.13,178.53
2012-08-31,1898.63,233.32,336.5,239.13,503.75,177.23,148.89,142.27,130.41,179.62,106.72,117.15,205.01,249.95,405.34,274.44,,273.11,274.75,238.12,190.12
2012-09-30,1923.31,257.85,353.48,254.16,547.65,191.54,143.83,151.48,138.1,181.0,104.61,117.81,212.48,242.69,436.79,275.5,,274.31,304.49,225.7,194.87
2012-10-31,2006.96,259.74,349.1,276.56,535.12,197.89,132.72,151.59,136.73,180.56,115.4,115.98,211.11,279.1,467.91,297.95,,288.71,361.23,236.77,191.54
2012-11-30,2018.9,265.95,374.47,319.14,585.81,209.72,132.5,139.52,132.21,178.69,110.27,118.15,211.32,291.69,473.69,293.64,,295.04,368.54,242.23,212.89
2012-12-31,2039.12,257.68,389.37,294.74,591.82,213.56,133.77,138.32,140.51,181.92,105.26,122.1,219.13,271.89,473.12,293.43,,303.64,363.66,267.22,211.2
2013-01-31,2012.1,262.19,380.45,307.8,622.19,222.17,128.45,134.28,144.67,176.98,101.26,120.1,201.52,278.15,486.42,297.45,,289.87,349.47,263.13,191.86
2013-02-28,2108.46,272.38,382.56,313.04,637.16,218.0,129.17,131.42,142.55,186.86,111.41,131.19,216.34,310.4,512.27,318.19,,301.85,353.7,269.41,213.85
2013-03-31,2177.11,290.01,381.22,335.76,645.36,223.6,134.91,135.47,143.12,186.05,122.07,131.47,222.23,294.37,553.22,327.49,,324.45,362.84,273.4,223.48
2013-04-30,2245.85,304.11,393.19,364.26,735.82,249.27,143.06,144.65,147.42,190.35,130.45,145.78,250.18,297.47,597.25,341.46,,296.29,376.75,260.79,227.69
2013-05-31,2203.62,319.72,434.54,400.76,706.59,248.35,137.04,140.01,149.41,186.11,121.73,145.45,241.54,280.68,567.8,364.81,,299.98,366.44,256.59,220.05
2013-06-30,2221.11,336.39,434.75,423.64,638.68,234.16,132.36,146.63,151.58,184.89,118.38,136.26,222.18,282.8,573.7,360.9,,289.79,363.24,276.57,218.98
2013-07-31,2325.93,379.4,476.24,490.43,700.51,243.92,125.31,147.05,164.02,179.02,122.23,132.78,218.6,311.32,615.63,362.27,,315.15,397.09,299.43,229.06
2013-08-31,2468.75,402.21,517.35,537.32,764.13,261.36,137.65,155.57,189.16,191.58,126.62,136.67,216.51,354.55,665.35,375.95,,353.12,431.27,340.45,246.35
2013-09-30,2571.03,439.01,553.03,599.58,844.33,283.83,151.75,157.86,202.51,184.49,113.83,133.48,210.61,405.81,761.96,424.23,,364.76,444.12,359.22,255.98
2013-10-31,2549.33,452.68,559.81,644.26,807.05,299.19,161.89,165.88,199.96,169.03,116.97,127.49,194.89,429.2,789.28,434.25,,338.69,423.44,367.77,261.46
2013-11-30,2646.65,461.47,575.13,635.95,855.17,334.46,162.91,168.72,217.48,161.92,114.93,129.07,195.22,461.08,792.96,462.87,,353.38,483.72,394.55,270.76
2013-12-31,2764.38,479.23,585.39,680.49,904.59,352.38,154.62,167.64,209.83,172.17,127.56,135.53,202.05,482.94,879.07,508.56,,360.52,488.03,388.92,253.61
2014-01-31,2735.85,476.06,566.75,657.13,886.55,333.29,165.73,177.59,221.3,169.34,120.91,134.73,207.04,445.52,865.68,483.06,,330.31,507.66,391.88,230.46
2014-02-28,2750.12,471.07,588.7,664.03,988.66,353.15,163.97,173.87,209.19,163.17,134.73,135.95,204.16,463.71,935.92,484.83,,328.84,504.56,385.7,233.13
2014-03-31,2820.4,506.54,625.17,689.92,1054.61,337.1,166.01,164.86,221.95,154.96,130.34,136.7,201.21,453.3,1021.11,487.57,,352.22,486.32,382.74,244.97
2014-04-30,2951.38,508.28,603.36,722.79,1063.66,329.02,168.85,174.77,228.79,166.8,124.76,145.09,216.65,449.98,1122.41,524.43,,370.18,463.31,373.74,244.67
2014-05-31,2987.59,534.06,577.68,698.57,1061.33,332.18,173.82,177.69,235.67,159.51,120.72,146.72,218.23,469.02,1155.92,570.13,,357.67,485.44,389.02,247.63
2014-06-30,2865.79,524.42,522.26,629.73,1019.05,339.87,161.58,165.93,243.29,159.03,104.16,145.31,208.59,504.87,1179.31,618.43,,294.92,389.86,344.66,214.54
2014-07-31,2860.92,543.88,522.25,639.41,1062.95,356.28,166.82,163.16,254.94,158.4,102.73,148.03,186.68,537.43,1250.02,643.26,,282.32,346.18,312.43,198.3
2014-08-31,2970.59,556.86,523.02,658.92,1153.6,368.1,173.61,172.37,277.38,166.7,105.08,155.17,202.18,504.35,1229.82,637.72,,309.7,337.06,308.68,199.03
2014-09-30,2972.77,572.9,523.56,704.0,1106.3,358.73,169.02,174.04,269.83,173.62,103.02,159.32,208.94,527.49,1263.64,678.59,,292.56,349.61,287.06,200.62
2014-10-31,2955.14,588.15,519.46,714.66,1053.42,361.19,166.44,173.52,263.41,181.31,107.81,166.08,203.79,517.14,1230.99,683.56,,296.65,331.33,285.34,182.43
2014-11-30,2916.92,570.8,541.36,692.7,1006.48,331.58,159.09,171.49,261.56,180.62,98.69,157.16,196.83,545.04,1259.35,691.7,,272.36,306.17,250.35,180.94
2014-12-31,2899.56,596.27,547.05,752.96,1092.68,341.32,164.84,163.39,274.98,182.34,93.05,155.92,198.49,533.03,1252.57,746.76,,290.41,302.28,252.54,196.62
2015-01-31,2896.91,637.24,569.62,756.2,1056.01,378.59,166.29,170.35,286.71,182.78,98.93,151.91,202.03,545.66,1301.06,779.14,,280.99,317.81,264.18,212.6
2015-02-28,2951.5,640.25,578.02,776.99,1005.93,377.74,171.75,172.65,301.4,186.92,103.0,160.29,205.5,570.28,1363.06,794.9,,270.52,339.64,270.67,213.35
2015-03-31,2854.59,639.29,533.24,701.43,1009.23,366.1,155.67,165.78,295.96,183.12,85.96,148.63,180.57,588.95,1386.64,831.07,,258.31,332.9,277.02,206.38
2015-04-30,2751.19,572.16,508.87,626.28,942.92,335.7,137.94,144.26,251.45,185.1,88.25,143.31,199.05,608.21,1363.19,826.4,,244.39,306.23,269.08,192.63
2015-05-31,2632.93,532.91,487.89,640.9,934.69,350.27,144.91,145.16,262.3,169.31,79.38,134.49,171.4,590.04,1430.43,784.31,,227.54,277.7,284.63,182.54
2015-06-30,2684.23,548.53,489.43,699.24,922.99,327.04,138.4,147.3,259.88,176.69,81.33,141.59,166.21,601.71,1463.46,835.25,,226.24,290.87,282.96,188.65
2015-07-31,2701.45,528.04,474.36,717.23,891.34,362.84,144.58,151.51,291.27,169.34,87.7,140.87,160.2,591.06,1441.74,860.93,,221.03,303.9,264.27,198.09
2015-08-31,2645.98,512.48,470.53,698.58,801.95,347.6,142.09,148.65,282.19,167.56,88.52,146.2,145.23,520.47,1391.9,855.06,,214.59,306.0,251.49,190.75
2015-09-30,2764.58,511.36,484.06,720.15,813.01,354.33,148.97,147.63,297.5,174.5,80.56,144.63,146.59,554.94,1595.15,981.85,,223.17,278.45,266.04,181.42
2015-10-31,2889.41,551.5,494.6,774.67,824.68,384.33,160.38,156.81,314.4,181.15,85.45,160.25,147.88,591.01,1687.91,1043.61,,245.61,324.54,307.33,197.08
2015-11-30,2988.1,544.38,514.23,790.37,824.85,405.58,164.42,163.93,330.86,191.38,91.87,173.0,162.69,566.11,1779.28,1056.42,,244.65,351.0,334.63,187.05
2015-12-31,3030.91,517.37,509.62,818.18,851.76,414.19,169.71,163.82,334.74,182.04,93.29,181.47,164.69,603.05,1763.34,1089.0,,221.02,354.48,325.18,183.14
2016-01-31,2887.06,473.77,502.25,813.65,884.95,400.19,166.95,160.88,314.37,180.62,93.35,187.63,167.29,528.6,1652.9,1048.78,,202.2,334.73,305.9,172.32
2016-02-29,3000.48,520.8,526.13,878.54,1018.11,392.15,173.44,157.31,310.95,175.29,87.22,183.75,159.22,539.3,1654.84,1044.92,,217.97,330.35,340.84,191.02
2016-03-31,3107.0,543.79,513.11,915.58,978.95,347.81,168.69,150.6,309.17,181.32,88.17,197.28,159.28,550.81,1678.59,1001.11,,218.02,339.54,334.36,186.66
2016-04-30,3085.3,563.66,489.32,889.56,992.08,357.29,174.79,159.52,316.84,185.34,93.24,190.34,168.03,518.22,1540.38,985.74,,215.66,334.39,332.19,173.81
2016-05-31,3002.21,507.33,418.08,735.98,872.13,373.71,175.19,172.51,331.23,180.32,85.77,197.79,157.99,515.45,1666.09,951.75,,230.19,319.18,338.12,174.18
2016-06-30,3121.12,541.52,455.48,775.6,940.04,373.73,189.48,163.27,352.31,202.61,94.29,216.1,160.99,530.31,1751.93,941.85,,232.26,359.54,368.21,175.26
2016-07-31,3145.98,532.37,405.37,726.36,850.98,383.21,195.2,177.32,366.26,212.83,93.2,219.43,160.75,520.83,1826.96,968.65,,225.47,373.93,381.48,187.46
2016-08-31,3357.31,570.96,472.87,889.8,978.82,396.91,211.65,189.52,419.59,229.4,95.53,222.23,162.11,587.83,2078.24,1106.43,,223.46,393.23,414.27,182.8
2016-09-30,3253.01,583.31,457.16,842.46,961.43,418.39,213.97,178.44,433.23,216.9,98.78,212.54,164.26,573.69,1925.07,1041.28,,206.39,340.93,396.46,166.3
2016-10-31,3244.95,598.15,434.6,863.85,928.16,397.15,211.29,174.46,425.82,217.23,99.27,208.75,163.5,584.58,1913.24,1021.67,,209.18,325.36,377.6,160.54
2016-11-30,3248.49,614.97,406.64,818.02,888.32,392.53,222.93,167.66,438.87,205.44,88.24,199.26,156.87,513.69,1819.18,989.0,,202.55,308.03,387.3,155.63
2016-12-31,3253.22,608.76,398.57,859.44,958.59,409.98,235.2,176.48,450.85,203.21,86.86,207.9,158.88,537.62,1903.11,1022.81,,198.6,287.99,425.15,161.03
2017-01-31,3253.13,612.6,411.14,903.21,906.98,421.53,229.79,183.49,433.34,205.73,93.08,215.42,166.34,556.1,1819.55,1020.57,,188.52,265.34,432.83,160.56
2017-02-28,3249.27,648.57,414.88,1011.24,994.14,426.9,242.47,172.47,414.56,201.43,94.2,221.42,162.85,546.56,1745.0,987.39,,189.5,258.83,422.44,142.01
2017-03-31,3210.08,703.26,413.73,1071.34,1114.84,414.3,251.63,185.26,406.76,210.89,97.93,241.19,159.27,535.64,1671.9,969.64,,194.77,255.27,455.16,131.41
2017-04-30,2962.82,634.28,408.79,1033.11,1079.71,367.77,254.44,179.0,362.11,198.33,97.16,249.72,151.17,496.85,1528.98,826.77,,181.58,235.35,442.24,120.82
2017-05-31,2995.86,597.59,391.9,1012.0,998.0,382.71,260.53,175.98,364.56,184.27,100.35,245.49,137.86,487.96,1570.81,859.31,,173.48,214.37,423.59,122.25
2017-06-30,3064.9,617.43,407.91,1046.52,1064.62,372.71,268.72,184.89,401.83,195.68,103.5,258.71,144.2,512.05,1583.25,839.56,,157.2,229.84,442.52,123.99
2017-07-31,3123.45,651.76,430.76,1048.48,1146.18,354.38,291.39,192.48,409.91,200.19,112.53,260.4,139.6,479.25,1548.83,859.99,,162.25,223.6,431.55,121.42
2017-08-31,3042.55,662.13,438.36,1036.86,1116.81,345.31,284.25,195.44,421.48,186.29,104.92,232.63,120.13,448.2,1527.97,781.76,,152.95,207.76,378.95,104.69
2017-09-30,3144.96,741.39,479.46,1151.64,1312.81,369.54,280.71,209.45,405.5,190.18,116.03,254.58,127.85,437.89,1649.31,798.97,,156.27,190.27,394.94,99.32
2017-10-31,3395.36,828.55,524.32,1239.45,1497.03,401.06,293.59,209.51,421.4,202.06,113.11,274.31,126.24,489.66,1971.84,891.47,,177.27,222.58,408.67,102.4
2017-11-30,3608.52,867.32,564.32,1362.43,1661.08,423.62,353.62,218.3,449.16,202.57,112.31,289.67,129.87,535.62,2004.9,883.61,,183.25,234.72,413.04,102.39
2017-12-31,3456.05,870.38,483.11,1208.5,1468.76,397.78,343.95,223.11,428.85,193.38,112.77,287.01,125.45,487.28,2065.26,818.02,,178.68,245.77,406.2,106.38
2018-01-31,3428.43,926.23,500.34,1191.9,1505.91,408.57,354.51,240.53,443.27,202.84,120.71,299.01,135.7,466.38,1996.59,761.71,,177.87,239.91,403.97,106.61
2018-02-28,3364.5,875.77,514.79,1183.57,1446.71,393.88,368.23,230.5,471.38,181.94,109.63,276.78,130.64,463.44,1963.4,794.0,,185.55,266.79,422.66,115.22
2018-03-31,3497.68,907.89,512.79,1253.94,1454.38,416.92,383.15,225.63,492.17,180.75,108.39,288.71,135.08,531.42,2011.93,894.44,,212.24,287.35,436.71,104.14
2018-04-30,3530.25,888.69,492.02,1135.15,1506.8,377.83,364.17,214.66,477.94,181.1,102.13,309.54,140.37,534.57,2110.25,909.4,,209.35,295.29,455.51,98.29
2018-05-31,3560.9,918.93,496.68,1160.02,1367.4,426.52,401.69,215.65,502.14,176.36,93.91,296.38,139.51,555.43,2103.38,895.22,,206.62,284.69,466.75,104.18
2018-06-30,3758.33,994.63,483.65,1173.31,1401.28,426.88,407.42,204.82,483.98,188.02,100.76,313.39,150.01,612.12,2208.59,944.36,,223.68,322.64,527.92,118.29
2018-07-31,3915.29,1082.21,502.83,1192.89,1331.65,445.4,436.14,208.89,498.76,198.06,105.53,331.11,162.27,673.93,2377.6,1062.55,,221.49,340.89,501.02,109.16
2018-08-31,3938.59,1036.14,513.97,1096.36,1353.61,477.21,431.98,206.55,508.11,211.19,105.61,362.55,164.21,659.3,2400.77,1049.2,,227.36,351.2,483.73,102.94
2018-09-30,4158.2,1078.67,563.93,1268.7,1485.51,524.6,452.19,224.16,546.67,216.54,110.77,367.13,164.57,671.89,2693.71,1141.48,,232.82,342.43,512.12,104.89
2018-10-31,4027.41,1118.21,503.8,1246.82,1426.49,502.12,439.44,206.95,538.35,195.3,106.71,325.5,158.18,626.99,2751.07,1141.29,,217.58,302.81,470.75,98.44
2018-11-30,4230.09,1159.64,561.88,1416.29,1426.66,501.46,437.17,205.77,534.58,201.24,109.28,363.69,158.74,645.33,3098.25,1134.16,,225.86,315.56,503.48,94.37
2018-12-31,4086.36,1156.9,528.23,1404.09,1458.59,487.33,421.04,195.66,493.4,199.53,111.92,352.0,166.53,572.43,2992.41,1070.6,,222.49,317.88,513.28,96.2
2019-01-31,4399.66,1232.65,531.33,1514.37,1523.61,522.46,497.45,218.93,525.11,208.37,127.3,384.27,178.36,643.08,3191.18,1270.43,1430.63,259.96,361.87,598.61,102.94
2019-02-28,4534.73,1330.2,578.26,1660.09,1624.1,551.39,541.62,222.75,535.16,223.52,128.43,400.44,185.1,706.72,3454.45,1391.89,1638.69,253.41,378.45,546.66,92.76
2019-03-31,4504.62,1398.79,585.75,1727.65,1664.35,534.77,563.13,221.47,517.98,194.66,112.68,379.35,171.98,638.81,3342.33,1379.27,1663.07,251.29,411.95,522.67,96.36
2019-04-30,4504.5,1340.6,593.93,1720.91,1661.99,521.12,602.92,225.81,560.11,197.88,126.55,402.42,192.66,614.84,3576.51,1480.1,1689.87,224.45,368.83,500.76,84.85
2019-05-31,4414.51,1282.48,585.54,1610.36,1577.59,499.36,555.64,214.75,542.45,203.7,127.77,389.88,188.95,628.34,3418.68,1487.21,1676.8,211.69,342.43,501.65,82.56
2019-06-30,4399.38,1336.35,596.68,1582.79,1728.88,478.32,566.16,208.95,556.24,193.92,127.53,370.0,182.64,662.18,3724.92,1549.64,1764.04,204.88,322.76,532.37,79.19
2019-07-31,4488.67,1406.13,602.83,1631.82,1737.28,464.44,570.43,234.46,555.96,192.41,121.98,373.39,189.86,658.21,3604.87,1615.9,1732.05,230.15,367.19,535.83,86.38
2019-08-31,4468.51,1488.85,636.45,1622.6,1694.43,463.78,571.06,224.48,545.35,202.98,125.15,380.88,191.94,629.37,3739.57,1606.36,1816.61,230.56,394.43,523.76,74.02
2019-09-30,4604.68,1520.47,590.65,1628.79,1813.34,465.96,636.07,229.2,555.19,201.84,129.8,371.84,183.48,654.37,3852.74,1569.18,1875.03,245.7,429.04,557.23,76.81
2019-10-31,4637.8,1598.21,619.31,1868.67,1896.73,458.27,654.48,246.0,541.11,194.04,123.17,354.66,181.64,652.77,4036.2,1558.55,2000.33,224.69,462.29,561.73,78.95
2019-11-30,4581.19,1378.28,591.67,1776.43,1768.03,444.34,651.58,244.54,554.77,208.17,127.3,382.67,199.46,646.44,4006.31,1520.32,2053.42,229.28,477.07,570.72,81.42
2019-12-31,4661.25,1422.31,588.21,1763.56,1880.43,476.27,651.11,245.69,553.14,202.63,129.87,392.16,211.68,700.48,3956.23,1477.35,1975.56,250.83,478.73,586.53,82.15
2020-01-31,4594.18,1318.21,527.55,1545.98,1580.84,425.36,650.4,250.45,498.32,195.56,125.69,394.55,201.35,725.24,4232.12,1535.98,1911.18,238.06,463.5,587.91,84.18
2020-02-29,4529.62,1322.57,520.42,1511.29,1533.41,432.99,688.68,263.64,479.4,201.98,122.23,396.47,196.01,702.93,4000.64,1490.71,1595.52,247.34,419.42,526.36,82.09
2020-03-31,4334.07,1212.01,480.36,1389.91,1349.87,408.51,701.61,260.19,492.05,203.72,118.38,383.09,186.44,705.51,3997.82,1508.26,1560.63,240.96,432.13,493.66,77.6
2020-04-30,4427.0,1215.85,503.97,1354.02,1346.99,404.86,734.87,271.33,495.93,194.5,121.1,378.71,188.88,737.77,3838.01,1424.57,1434.47,249.5,466.86,461.59,81.1
2020-05-31,4189.16,1248.01,511.45,1253.0,1256.13,403.49,673.29,264.85,480.73,183.64,109.44,351.51,167.24,731.35,3628.33,1383.72,1304.06,241.03,403.37,418.52,82.65
2020-06-30,4520.4,1379.17,598.74,1405.08,1442.12,409.26,730.44,274.03,483.5,176.44,110.65,350.31,161.24,839.91,4070.05,1452.72,1328.78,238.24,453.34,457.59,87.78
2020-07-31,4533.46,1493.7,603.23,1378.2,1480.21,439.38,728.86,284.8,507.24,178.58,120.66,337.77,165.17,819.68,4009.3,1438.06,1305.04,235.12,472.22,447.51,81.85
2020-08-31,4719.0,1674.12,664.02,1546.67,1634.63,465.87,760.94,294.05,523.3,175.64,122.95,363.89,163.08,883.86,4373.17,1429.02,1311.55,261.77,518.24,478.89,81.39
2020-09-30,5027.1,1748.14,694.98,1582.35,1717.19,488.33,848.11,321.84,571.19,189.87,126.95,377.43,173.99,959.99,4966.54,1612.92,1389.45,264.46,506.91,465.46,79.45
2020-10-31,4988.93,1547.53,649.5,1511.92,1486.79,484.64,810.97,319.77,570.86,183.44,132.05,393.34,180.51,881.61,4728.9,1600.15,1356.29,264.22,527.48,451.23,74.67
2020-11-30,5079.7,1524.49,664.57,1658.7,1427.66,511.37,864.17,329.42,587.82,191.26,137.98,430.13,192.27,986.78,4961.82,1589.5,1372.28,278.71,541.45,460.94,75.23
2020-12-31,4840.91,1444.65,624.46,1562.85,1508.42,493.05,846.11,290.09,555.77,192.85,134.01,427.42,197.54,893.88,4651.44,1392.72,1231.87,267.25,543.56,438.96,71.91
2021-01-31,4852.65,1455.67,631.64,1685.79,1518.33,538.06,851.58,287.16,543.23,189.96,143.73,408.15,195.34,917.94,4731.36,1426.77,1232.37,289.47,572.8,471.15,81.19
2021-02-28,5199.21,1584.62,644.06,1764.14,1582.53,574.07,916.19,282.17,540.5,181.94,142.56,405.01,202.2,1104.63,5436.05,1518.3,1410.48,330.76,603.24,539.87,87.54
2021-03-31,5136.26,1542.31,622.42,1797.16,1583.14,581.07,853.8,289.55,476.22,187.83,144.91,402.45,196.88,1115.88,5847.68,1583.85,1603.18,336.47,584.23,550.91,89.75
2021-04-30,5112.98,1611.93,619.01,1944.76,1614.48,539.53,880.5,299.71,475.46,190.69,143.7,374.03,187.76,1126.35,5480.65,1569.89,1578.14,335.03,579.03,589.94,84.77
2021-05-31,5266.83,1619.36,597.17,1884.59,1589.45,621.54,939.68,298.43,507.27,182.6,139.93,338.06,174.43,1259.51,5751.94,1564.65,1682.41,332.95,552.4,631.89,85.41
2021-06-30,5015.87,1621.93,589.34,1835.93,1611.32,600.18,900.78,287.15,503.7,172.02,150.91,351.59,181.32,1129.63,5751.38,1386.66,1363.05,320.75,460.92,586.38,78.49
2021-07-31,4980.84,1629.25,571.5,1762.41,1539.57,623.02,843.05,273.4,517.06,174.69,157.58,349.04,177.85,1218.11,5525.86,1377.0,1438.24,336.8,446.31,584.61,85.51
2021-08-31,5006.68,1574.55,583.09,1801.58,1497.16,626.46,786.52,244.43,492.97,183.01,158.64,348.76,199.02,1158.95,5845.67,1416.09,1482.2,336.71,500.73,551.0,76.14
2021-09-30,5306.69,1623.18,607.32,2088.4,1589.19,660.24,846.09,260.72,527.23,191.46,153.96,333.74,209.9,1210.22,6213.35,1514.62,1524.28,330.28,589.34,602.25,80.61
2021-10-31,5373.53,1690.88,623.33,2301.83,1592.35,596.05,873.89,247.9,498.67,193.1,152.15,340.18,208.34,1192.19,6505.49,1514.5,1619.51,357.88,643.36,601.25,88.26
2021-11-30,5748.0,1887.63,640.11,2470.63,1726.2,630.19,878.83,264.05,537.94,210.45,163.24,361.93,203.4,1298.17,7496.87,1663.04,1681.87,347.19,681.1,601.52,89.95
2021-12-31,5734.64,1858.0,657.55,2556.5,1703.66,660.55,935.97,281.0,587.57,195.24,157.15,335.65,207.81,1249.57,7148.93,1690.97,1771.52,320.99,645.78,538.2,82.89
2022-01-31,5928.58,1917.88,642.55,2690.14,1848.71,618.09,954.27,280.75,592.93,210.86,157.15,341.91,219.6,1331.26,7235.29,1732.88,1699.24,319.44,718.36,559.5,80.18
2022-02-28,5952.69,1904.15,659.01,2748.63,1757.56,668.16,993.99,309.18,637.67,218.44,165.91,362.87,224.05,1359.1,6631.81,1718.63,1580.58,315.14,731.26,569.63,84.64
2022-03-31,6206.37,2014.13,696.65,2850.86,1938.99,677.38,1009.75,307.6,618.78,212.31,171.86,347.9,216.55,1474.15,7489.98,1847.25,1708.62,327.26,711.88,592.81,88.51
2022-04-30,6157.97,1979.68,693.4,2883.79,1799.81,762.22,983.35,338.17,619.42,203.67,166.34,347.52,189.24,1542.78,6848.34,1704.1,1784.13,305.91,668.06,550.72,85.23
2022-05-31,5937.11,1861.81,660.74,2790.81,1806.26,731.4,923.98,340.61,598.1,173.63,168.68,292.85,174.56,1443.97,6068.21,1626.7,1719.25,307.8,595.48,522.77,85.85
2022-06-30,6048.47,1937.68,748.04,2987.58,1936.77,730.19,812.95,332.53,592.4,173.82,167.32,295.64,164.73,1521.72,5992.37,1656.93,1698.94,320.47,557.23,502.11,89.89
2022-07-31,5953.24,1885.29,689.5,2598.07,1940.24,730.97,864.83,346.84,605.57,176.92,165.28,293.36,158.67,1516.09,6086.42,1605.06,1540.03,317.17,545.81,493.8,93.39
2022-08-31,5882.89,1831.83,773.43,2658.43,2159.69,742.25,815.65,351.98,643.9,164.39,146.73,290.12,153.58,1383.69,5917.14,1584.94,1481.3,311.31,529.29,471.36,92.28
2022-09-30,6047.06,1820.01,785.64,2544.11,2179.73,733.45,782.42,331.98,656.79,151.36,137.83,273.15,151.96,1491.87,6553.0,1601.8,1406.59,327.0,555.37,504.85,91.91
2022-10-31,5853.78,1825.41,800.69,2349.28,2277.92,742.31,790.21,356.51,685.29,161.94,144.94,297.19,162.39,1347.75,6425.96,1477.18,1360.98,297.4,505.85,498.28,82.02
2022-11-30,5630.89,1769.17,726.59,2076.87,2001.93,761.1,772.92,364.86,723.07,155.46,145.65,311.75,173.13,1288.0,6296.09,1411.73,1375.17,284.02,490.92,498.9,76.51
2022-12-31,5552.85,1693.62,688.03,1995.1,2050.64,709.85,751.13,363.56,729.98,159.21,154.94,323.98,175.67,1373.67,6290.33,1465.37,1378.65,287.98,523.46,508.43,77.45
2023-01-31,5823.31,1713.56,665.33,2114.07,2154.74,759.65,775.07,382.77,797.38,161.06,161.47,326.19,176.75,1404.89,6580.51,1529.13,1503.85,278.46,522.69,528.93,80.95
2023-02-28,5680.93,1715.42,706.07,2163.7,2250.2,758.35,826.53,399.43,818.32,162.01,163.52,337.53,169.91,1276.83,6200.74,1438.39,1479.25,250.97,483.85,430.45,78.65
2023-03-31,6192.48,1833.66,801.95,2365.69,2340.05,818.9,972.75,403.15,893.74,168.38,162.35,332.05,173.17,1316.85,6807.48,1483.99,1538.63,293.39,543.73,505.13,88.38
2023-04-30,6224.66,1809.71,768.62,2481.61,2372.29,871.61,1009.41,403.57,870.96,170.06,168.7,347.66,190.92,1270.66,6769.94,1468.53,1562.57,300.57,542.73,499.03,78.07
2023-05-31,5954.7,1858.1,693.14,2246.52,2117.88,829.54,1071.3,392.25,844.17,153.79,156.47,341.06,192.22,1366.98,6523.43,1483.01,1476.41,303.69,572.81,485.84,71.56
2023-06-30,5756.27,1896.41,695.71,2093.4,2281.66,822.2,1041.51,393.5,816.27,154.2,154.02,347.79,192.94,1291.64,5824.28,1271.14,1410.49,279.36,544.07,434.43,68.25
2023-07-31,5752.9,1856.5,651.09,2102.52,2085.93,836.42,1057.32,404.08,832.26,162.21,165.45,333.24,188.64,1391.7,6546.52,1294.4,1487.23,291.36,506.71,460.68,67.17
2023-08-31,5794.05,1845.77,673.92,2057.47,1833.81,906.61,1017.57,414.99,842.14,164.01,172.38,356.03,194.06,1410.74,6804.79,1236.93,1418.72,271.26,521.91,447.41,64.28
2023-09-30,5786.7,1875.32,664.11,1984.05,1647.85,972.96,1008.98,429.93,863.36,160.42,178.74,364.51,184.73,1387.75,6537.2,1165.89,1540.61,259.32,500.55,417.97,67.05
2023-10-31,5452.98,1743.75,638.15,1935.25,1529.73,1029.67,965.12,401.18,849.57,155.51,171.5,355.54,179.96,1423.04,6149.04,1100.59,1276.4,249.69,462.74,399.87,69.11
2023-11-30,5817.99,1883.19,673.61,2150.99,1671.91,1054.77,1063.29,428.41,936.46,153.58,176.68,363.09,196.0,1518.94,6561.6,1103.07,1353.61,269.13,502.57,448.77,75.39
2023-12-31,5798.29,1919.99,643.34,2344.47,1547.49,1000.3,1133.0,428.57,896.01,171.74,184.96,403.52,207.58,1340.66,5966.83,1035.5,1230.45,291.51,515.18,448.47,77.6
2024-01-31,5734.58,1868.34,705.42,2341.65,1580.76,988.26,1164.04,415.55,874.49,158.61,183.05,382.37,190.08,1339.84,5698.97,1024.38,1266.08,309.86,497.32,478.53,71.55
2024-02-29,6207.53,2052.26,775.92,2534.39,1748.68,1034.3,1108.01,411.25,838.67,165.73,194.17,414.24,191.04,1494.3,6334.94,1153.55,1499.86,374.45,549.11,537.89,82.11
2024-03-31,6417.59,2158.54,849.74,2776.2,1792.44,1084.47,1191.31,435.68,857.62,179.16,199.56,460.57,213.51,1563.64,6392.77,1196.51,1627.09,369.21,555.95,499.41,86.2
2024-04-30,6264.33,2007.94,846.15,2704.78,1714.56,1104.97,1217.65,416.34,903.24,182.71,206.36,454.59,220.13,1541.83,6278.24,1151.27,1670.62,349.38,549.16,467.57,73.82
2024-05-31,6549.13,2170.49,812.48,2699.4,2054.89,1107.41,1305.2,417.23,891.07,195.75,224.82,484.5,235.19,1677.58,6802.78,1210.55,1636.91,388.79,615.2,515.85,75.26
2024-06-30,6836.66,2401.13,815.47,2948.46,2131.19,1083.99,1256.49,424.25,855.14,209.59,245.99,508.74,246.18,1794.06,6665.17,1307.34,1672.18,409.57,671.27,547.11,78.52
2024-07-31,6881.64,2271.09,807.76,2668.52,2213.43,969.52,1237.78,416.91,847.0,224.5,241.9,506.38,268.24,1969.06,7038.13,1328.87,1529.07,430.93,698.08,526.46,77.14
2024-08-31,6925.78,2195.13,796.74,2507.52,2109.75,979.08,1332.47,437.25,856.89,230.88,244.77,490.02,267.68,1998.4,7196.25,1322.45,1701.54,408.74,726.38,533.4,77.15
2024-09-30,7166.75,2273.27,842.92,2565.63,2212.58,994.98,1180.52,417.69,848.89,227.05,261.95,496.84,261.23,2023.48,7289.53,1240.28,1753.21,413.77,754.94,566.69,81.73
2024-10-31,7046.02,2061.91,740.55,2422.5,1954.49,1035.97,1158.61,442.4,784.22,236.17,273.73,464.96,248.49,1983.95,6862.43,1156.23,1546.25,408.5,723.38,569.46,80.79
2024-11-30,7416.55,2249.95,796.31,2560.91,2225.0,971.74,1187.74,435.89,779.74,236.8,278.03,477.64,247.18,2088.83,6861.86,1200.41,1659.44,425.5,859.98,560.46,77.77
2024-12-31,7623.04,2447.51,845.95,2573.32,2283.61,888.96,1278.17,451.59,759.1,268.57,275.75,509.53,283.52,2302.59,7522.79,1208.09,1742.71,433.57,813.01,555.09,76.41
