ticker,revenue_growth,operating_margin,pe_ratio,dividend_yield,beta,debt_to_equity,true_sector
GRO15,12.3,27.61,42.21,0.0,1.32,0.45,growth_tech
CON09,3.21,15.57,26.82,3.84,0.82,0.74,consumer_staples
BAN16,12.19,27.97,20.87,3.6,1.12,2.29,banks
GRO17,17.68,27.19,33.65,0.06,1.41,0.18,growth_tech
ENE12,0.8,8.73,16.65,4.34,1.12,0.92,energy
UTI27,4.98,19.93,14.2,3.51,0.64,1.44,utilities
ENE22,4.82,16.77,-2.39,5.48,1.19,1.28,energy
UTI15,7.56,19.52,19.84,2.8,0.67,1.99,utilities
GRO30,20.96,22.17,39.36,0.73,1.37,0.35,growth_tech
ENE01,10.83,20.07,7.12,5.08,1.26,0.78,energy
CON05,-2.8,17.94,35.82,2.87,0.59,1.0,consumer_staples
GRO06,25.65,29.49,37.86,0.05,1.49,0.83,growth_tech
CON13,8.2,16.9,25.68,2.34,0.59,0.93,consumer_staples
UTI22,-4.48,15.7,8.88,3.49,0.73,1.44,utilities
BAN19,8.72,32.42,12.53,2.85,1.05,2.58,banks
UTI13,-6.28,7.5,16.87,4.12,0.54,1.39,utilities
CON03,2.64,9.62,17.57,2.15,0.63,0.43,consumer_staples
BAN07,14.16,33.35,3.66,2.81,1.23,1.92,banks
UTI02,-4.26,17.34,8.09,4.11,0.46,1.45,utilities
UTI06,2.51,10.23,18.56,5.31,0.53,1.03,utilities
CON01,6.28,17.78,19.46,2.27,0.88,0.54,consumer_staples
BAN25,5.24,34.96,6.84,2.47,1.1,2.52,banks
BAN18,7.22,32.15,8.8,2.45,1.05,2.4,banks
UTI11,-6.05,18.22,13.56,3.22,0.33,1.75,utilities
ENE06,9.58,19.2,13.09,4.5,1.23,0.55,energy
CON10,7.52,18.07,26.43,3.07,0.56,1.06,consumer_staples
UTI04,-1.05,18.64,24.15,4.65,0.61,1.4,utilities
GRO20,14.37,28.13,40.35,0.22,1.44,0.26,growth_tech
BAN14,4.39,29.48,1.71,2.57,0.99,2.16,banks
ENE27,4.92,8.91,18.8,5.51,1.34,0.39,energy
CON02,-5.79,12.38,15.75,3.26,0.41,1.1,consumer_staples
ENE16,10.96,10.98,14.15,4.59,1.19,0.79,energy
BAN10,12.01,39.01,1.6,3.52,1.01,3.23,banks
ENE09,5.3,5.74,6.84,3.6,1.48,0.79,energy
CON25,-3.47,13.01,18.98,3.13,0.73,0.81,consumer_staples
UTI19,9.72,15.5,13.9,4.4,0.4,1.49,utilities
UTI24,2.94,19.73,9.26,3.87,0.51,1.53,utilities
GRO29,15.36,27.06,42.23,1.09,1.39,0.86,growth_tech
UTI25,0.67,21.17,14.09,3.82,0.26,2.05,utilities
CON19,3.01,18.8,30.68,2.7,0.59,1.13,consumer_staples
CON23,10.11,13.05,21.63,2.53,0.38,0.7,consumer_staples
GRO18,16.44,17.35,32.55,0.59,1.53,0.99,growth_tech
CON30,10.92,19.38,25.01,2.38,0.64,1.14,consumer_staples
CON14,6.34,15.87,23.55,2.43,0.59,1.34,consumer_staples
UTI29,6.18,22.25,20.19,3.85,0.69,1.57,utilities
CON29,13.55,19.56,16.74,2.44,0.76,0.71,consumer_staples
GRO19,22.95,24.51,42.26,0.99,1.48,-0.44,growth_tech
GRO05,20.36,30.38,39.53,0.0,1.34,-0.02,growth_tech
UTI16,-3.99,23.7,17.57,3.92,0.5,1.39,utilities
UTI30,2.14,21.88,11.34,4.57,0.59,1.2,utilities
UTI10,-1.89,25.72,11.81,3.88,0.54,2.11,utilities
UTI07,10.85,16.96,15.98,3.39,0.57,1.23,utilities
CON28,3.11,13.82,26.77,2.17,0.82,1.0,consumer_staples
ENE20,12.66,6.39,18.13,5.82,1.35,0.31,energy
CON18,3.72,18.06,16.49,3.2,0.72,0.77,consumer_staples
ENE13,6.21,12.0,7.41,3.83,1.08,0.3,energy
ENE07,9.99,13.17,18.88,5.07,1.39,1.04,energy
BAN26,1.26,32.8,18.64,1.89,1.23,2.7,banks
ENE03,5.01,15.4,6.0,4.14,1.5,0.85,energy
CON06,12.27,17.03,20.06,1.81,0.71,1.21,consumer_staples
GRO12,27.18,30.01,36.15,0.0,1.29,0.54,growth_tech
CON24,0.67,13.81,26.17,2.36,0.72,0.87,consumer_staples
ENE04,13.35,3.42,-0.82,4.23,1.32,0.85,energy
GRO13,20.3,26.73,33.34,0.06,1.4,-0.12,growth_tech
GRO03,29.32,23.3,42.3,0.48,1.62,0.68,growth_tech
CON15,1.29,21.13,19.14,2.08,0.76,0.4,consumer_staples
GRO07,25.69,28.25,52.33,0.0,1.47,0.29,growth_tech
ENE08,5.81,19.87,11.69,4.91,1.21,0.52,energy
CON21,10.6,13.3,28.71,2.97,0.62,0.74,consumer_staples
BAN06,8.99,33.29,5.42,2.66,1.2,2.67,banks
UTI26,-1.74,21.19,13.71,3.33,0.58,1.72,utilities
ENE25,-2.83,11.85,12.34,5.19,1.15,0.99,energy
ENE19,1.01,13.47,21.23,4.9,1.3,0.65,energy
UTI17,-3.2,20.31,19.73,3.93,0.46,1.67,utilities
BAN03,11.55,31.22,15.6,2.76,1.16,2.28,banks
BAN15,2.2,38.33,11.83,2.37,1.05,2.46,banks
CON27,6.04,17.11,19.52,2.21,0.51,0.44,consumer_staples
CON04,4.1,16.34,26.83,2.44,0.5,0.32,consumer_staples
CON11,3.06,20.3,26.76,3.0,0.75,0.99,consumer_staples
BAN30,1.85,34.33,6.43,2.02,1.12,2.75,banks
GRO11,22.1,21.24,35.79,0.63,1.41,0.39,growth_tech
UTI05,10.05,26.9,15.93,3.59,0.6,1.44,utilities
UTI03,-5.73,18.14,12.27,4.31,0.68,0.95,utilities
ENE05,8.62,11.42,11.48,5.29,1.43,0.57,energy
UTI09,4.8,17.34,11.3,3.94,0.28,1.29,utilities
BAN24,0.71,35.27,5.0,3.47,1.24,2.34,banks
CON22,5.07,21.98,22.94,2.36,0.6,0.56,consumer_staples
ENE30,10.24,5.67,4.03,3.03,1.14,0.46,energy
GRO28,27.76,20.56,35.7,0.0,1.4,0.17,growth_tech
GRO24,23.43,22.15,32.51,1.54,1.18,0.1,growth_tech
BAN08,7.92,34.05,4.08,3.04,1.35,2.55,banks
GRO10,23.53,28.63,33.52,0.72,1.28,0.31,growth_tech
ENE11,1.24,13.12,12.85,4.24,1.04,0.32,energy
CON08,-0.84,16.84,22.88,3.56,0.67,0.47,consumer_staples
CON16,4.23,11.73,24.64,1.89,0.73,0.61,consumer_staples
ENE26,4.32,13.6,4.27,4.33,1.12,0.74,energy
BAN28,4.91,33.1,8.7,3.27,1.19,1.95,banks
ENE29,11.98,9.6,7.54,4.57,1.31,0.41,energy
CON20,-4.05,18.88,25.36,2.38,0.72,0.8,consumer_staples
BAN05,1.43,29.46,15.52,2.37,1.16,2.46,banks
GRO16,25.33,27.38,33.86,0.46,1.02,0.17,growth_tech
BAN23,10.47,34.14,20.84,3.29,1.26,2.21,banks
UTI12,-0.37,22.32,13.33,4.63,0.56,1.45,utilities
BAN21,8.03,26.92,7.48,3.67,1.03,2.59,banks
UTI23,0.61,16.39,15.85,3.76,0.63,1.4,utilities
GRO27,18.16,22.12,31.26,0.51,1.44,-0.04,growth_tech
BAN17,0.92,28.19,13.86,1.6,1.01,2.01,banks
UTI14,6.02,14.57,12.74,3.85,0.37,1.66,utilities
GRO25,25.37,28.65,44.51,0.49,1.39,0.1,growth_tech
ENE17,9.28,16.94,1.72,4.18,1.14,0.77,energy
ENE02,7.84,8.44,8.17,5.03,1.4,0.28,energy
ENE24,5.24,11.67,9.25,5.19,1.25,1.03,energy
UTI20,3.52,18.76,18.07,4.22,0.5,1.64,utilities
GRO22,17.87,25.53,35.62,0.0,1.32,0.66,growth_tech
BAN11,4.5,29.01,17.36,4.14,0.9,2.75,banks
GRO04,23.93,23.3,32.82,0.78,1.31,0.41,growth_tech
ENE23,6.09,12.47,2.63,4.06,1.15,0.88,energy
UTI01,-2.18,16.58,22.0,3.51,0.52,1.6,utilities
ENE28,13.23,7.27,5.1,4.23,1.14,0.59,energy
CON17,5.86,20.37,22.98,2.09,1.0,0.34,consumer_staples
UTI18,-7.08,14.78,28.44,3.8,0.64,1.84,utilities
CON26,2.31,16.22,24.41,2.62,0.36,1.08,consumer_staples
GRO14,17.46,33.43,33.1,0.28,1.16,0.32,growth_tech
BAN29,11.15,29.93,23.67,3.1,1.06,2.56,banks
GRO09,24.38,20.6,42.0,0.0,1.51,0.29,growth_tech
BAN22,9.06,21.77,6.89,2.23,0.99,3.3,banks
BAN01,8.53,25.22,12.8,3.26,1.11,2.56,banks
GRO01,18.22,21.46,39.68,0.3,1.16,-0.22,growth_tech
GRO02,23.82,29.16,36.07,0.89,1.48,0.25,growth_tech
UTI28,8.76,23.5,14.33,4.69,0.57,1.37,utilities
GRO23,13.26,24.72,37.89,0.59,1.47,0.28,growth_tech
BAN02,15.12,35.35,8.07,2.72,0.74,2.49,banks
BAN04,4.2,33.82,12.63,4.49,1.1,2.56,banks
GRO08,26.53,22.76,37.24,0.45,1.19,0.48,growth_tech
BAN27,2.77,25.96,8.61,3.49,1.1,2.13,banks
CON07,9.37,13.72,18.47,2.6,0.68,1.01,consumer_staples
BAN09,1.56,33.77,2.25,3.14,1.19,1.89,banks
UTI21,-5.02,25.25,15.88,3.25,0.49,1.46,utilities
CON12,-2.62,13.97,17.11,2.97,0.82,0.75,consumer_staples
GRO21,31.62,19.7,35.25,0.49,1.27,-0.19,growth_tech
GRO26,23.51,25.22,42.98,1.05,1.26,0.28,growth_tech
ENE15,3.9,6.86,5.38,3.65,1.38,0.99,energy
BAN12,12.73,27.58,11.88,3.75,1.14,2.52,banks
ENE10,5.83,8.43,6.49,5.31,1.21,0.84,energy
BAN20,10.85,34.14,17.26,2.65,0.96,2.01,banks
ENE14,7.5,13.34,16.1,3.99,1.08,1.17,energy
ENE18,15.63,11.26,8.12,3.69,1.09,0.95,energy
BAN13,3.23,32.89,4.87,2.58,1.18,1.99,banks
ENE21,2.95,7.0,10.07,4.85,1.25,1.09,energy
UTI08,-3.71,17.08,16.55,3.76,0.64,2.07,utilities
