income_k,debt_to_income,fico,loan_to_value,years_employed,home_owner,purpose,default
50.5,20.8,692,66.3,2.0,1,small_business,0
99.8,24.0,737,74.1,1.8,1,home_improvement,0
39.0,25.8,662,57.5,0.5,1,home_improvement,0
84.0,54.4,649,66.6,0.5,0,debt_consolidation,0
44.0,42.4,680,87.6,2.9,1,debt_consolidation,0
104.9,51.3,680,78.2,3.8,0,small_business,0
45.2,26.8,733,59.4,0.4,1,home_improvement,0
52.4,21.5,727,73.4,7.5,1,debt_consolidation,0
81.1,19.4,670,59.7,2.7,1,debt_consolidation,0
66.4,10.9,677,85.8,6.8,1,debt_consolidation,0
90.9,26.0,730,91.7,10.8,1,home_improvement,0
71.9,34.6,707,78.1,4.4,1,auto,0
92.2,20.3,740,74.0,9.1,1,debt_consolidation,0
89.6,37.1,655,99.1,3.0,0,small_business,1
43.6,45.7,777,75.9,2.3,1,auto,0
103.0,35.3,639,71.3,3.2,0,small_business,1
52.1,19.5,652,80.1,5.8,0,auto,1
41.6,20.1,622,78.3,2.7,1,small_business,1
49.4,45.5,698,87.3,0.3,1,debt_consolidation,1
104.9,20.8,728,65.5,6.5,0,home_improvement,0
75.4,31.3,730,64.5,0.3,1,debt_consolidation,0
49.1,27.7,713,66.9,2.2,0,debt_consolidation,0
60.5,45.2,719,86.8,7.4,1,debt_consolidation,0
56.2,45.6,707,96.0,0.9,1,home_improvement,1
37.3,28.1,710,92.1,5.9,1,debt_consolidation,0
175.4,35.4,656,64.2,13.4,0,debt_consolidation,0
87.9,20.7,752,84.3,6.3,1,home_improvement,0
70.2,30.2,729,92.0,6.2,0,small_business,0
53.1,24.8,662,80.5,9.9,1,auto,0
70.3,41.5,673,61.9,10.2,1,home_improvement,0
28.5,27.8,691,62.5,7.5,0,debt_consolidation,0
193.3,21.3,745,66.6,5.8,1,auto,0
76.8,42.5,697,64.2,12.2,1,debt_consolidation,0
36.0,35.1,752,57.0,3.3,0,debt_consolidation,0
23.1,17.4,765,104.4,3.2,0,debt_consolidation,0
91.0,43.1,707,79.2,1.9,0,auto,0
81.4,29.8,749,84.3,5.1,1,debt_consolidation,0
104.8,42.4,747,63.7,10.7,1,debt_consolidation,0
118.1,51.6,744,55.7,0.9,0,home_improvement,0
58.6,33.0,708,73.2,7.7,1,debt_consolidation,0
68.0,34.7,759,82.1,1.5,1,debt_consolidation,0
109.2,45.9,822,83.7,18.7,1,home_improvement,0
73.2,38.2,708,77.3,3.8,1,debt_consolidation,0
64.8,19.4,619,87.9,2.3,0,debt_consolidation,0
73.0,16.2,686,73.6,1.8,0,debt_consolidation,0
101.5,28.8,666,101.0,1.6,0,small_business,1
80.9,32.7,638,69.8,7.7,1,debt_consolidation,0
38.3,28.1,686,71.7,0.1,0,small_business,0
50.9,31.1,704,54.4,34.2,1,small_business,0
107.5,36.6,651,95.7,0.7,1,home_improvement,1
34.4,20.2,699,61.4,5.7,1,auto,0
39.8,45.1,666,74.4,5.1,1,home_improvement,0
28.2,40.2,784,56.4,0.3,0,home_improvement,0
25.7,33.9,690,60.2,1.3,0,auto,0
196.5,52.4,611,75.6,0.1,1,small_business,0
59.9,44.8,631,78.9,1.0,1,home_improvement,0
116.2,27.0,589,73.5,11.6,0,auto,0
74.0,22.6,719,76.0,1.3,0,debt_consolidation,0
83.4,40.1,741,94.3,0.6,1,small_business,0
117.5,43.9,719,83.2,2.2,1,debt_consolidation,0
24.4,20.7,681,100.3,4.5,0,debt_consolidation,0
129.8,27.7,696,52.2,15.4,1,debt_consolidation,0
73.9,23.0,639,93.0,6.8,0,small_business,0
98.7,2.0,688,55.4,2.6,0,small_business,0
68.9,38.1,696,87.5,0.9,0,auto,0
60.2,42.5,785,88.0,1.8,1,home_improvement,0
29.0,29.3,709,82.7,8.5,1,debt_consolidation,1
59.0,40.1,633,79.6,10.2,0,home_improvement,0
58.7,39.1,735,79.4,3.7,1,debt_consolidation,0
27.6,32.2,771,83.9,0.8,1,debt_consolidation,0
34.9,44.6,730,72.1,3.6,0,small_business,0
54.6,33.1,690,61.6,6.9,0,debt_consolidation,0
63.4,37.5,752,86.6,9.3,0,debt_consolidation,0
70.8,30.1,595,62.8,0.0,0,small_business,0
90.9,23.8,701,89.5,7.4,1,home_improvement,0
95.8,19.9,579,74.0,7.1,0,debt_consolidation,1
46.7,38.0,595,69.5,4.7,1,auto,1
96.7,44.3,579,53.9,1.1,0,auto,0
91.4,41.5,639,69.6,1.7,1,debt_consolidation,0
64.9,44.1,746,77.5,5.4,1,small_business,0
45.8,26.5,750,53.0,5.0,1,small_business,0
91.2,36.3,679,66.2,2.8,0,debt_consolidation,0
45.6,49.2,646,89.0,4.7,1,home_improvement,1
86.1,26.8,724,58.2,0.3,1,auto,0
121.1,25.5,680,60.3,5.1,1,debt_consolidation,0
90.5,25.7,657,74.8,8.0,1,auto,0
54.4,39.0,758,88.1,4.1,0,debt_consolidation,0
51.3,15.5,757,84.7,3.5,0,small_business,0
74.1,33.3,753,66.8,0.7,1,debt_consolidation,0
86.7,44.4,759,98.0,8.7,1,home_improvement,0
75.1,34.3,817,56.0,5.8,0,home_improvement,0
104.4,30.4,600,84.4,3.6,0,debt_consolidation,0
181.3,30.1,736,74.9,9.0,1,auto,0
52.8,44.3,699,85.7,1.6,0,small_business,0
111.4,30.4,795,63.3,4.3,0,small_business,0
114.8,35.9,734,73.3,2.8,1,auto,0
67.3,44.4,718,90.7,1.3,0,small_business,1
39.7,25.5,750,51.8,4.9,1,small_business,0
73.8,32.8,667,72.8,22.6,1,home_improvement,0
23.2,19.4,627,90.1,10.6,0,auto,0
75.0,24.6,770,93.4,4.0,0,home_improvement,0
97.4,28.9,642,87.3,6.2,1,debt_consolidation,1
119.4,45.9,677,97.0,2.5,0,debt_consolidation,0
53.1,24.9,544,101.6,8.5,1,debt_consolidation,1
65.3,25.6,672,67.3,1.6,1,debt_consolidation,0
163.2,44.7,718,58.2,16.0,0,home_improvement,0
55.6,31.5,661,71.6,3.4,0,auto,0
105.2,44.5,678,66.4,11.3,1,debt_consolidation,1
30.4,54.6,733,69.3,15.5,0,debt_consolidation,0
36.2,30.7,690,74.4,6.0,0,debt_consolidation,0
55.7,23.2,738,93.8,5.7,1,debt_consolidation,0
77.8,48.1,666,66.1,0.2,1,debt_consolidation,0
64.1,39.1,709,70.4,5.4,1,small_business,0
85.1,31.6,658,83.7,0.4,1,debt_consolidation,0
49.7,54.0,711,64.5,1.3,0,debt_consolidation,0
77.7,32.5,697,54.4,7.3,1,debt_consolidation,0
67.1,29.1,639,83.4,0.8,0,debt_consolidation,0
72.9,29.0,605,64.8,3.7,0,debt_consolidation,0
95.7,30.1,760,94.9,1.1,1,auto,0
136.7,25.7,675,53.4,13.9,1,debt_consolidation,0
29.0,24.1,656,71.9,3.0,0,debt_consolidation,0
35.4,53.0,694,86.9,2.2,0,debt_consolidation,1
47.3,37.7,709,88.5,6.7,1,auto,0
72.1,23.1,741,92.8,0.1,1,debt_consolidation,0
164.0,32.0,651,100.3,7.9,1,debt_consolidation,1
58.8,17.7,730,91.7,1.4,1,home_improvement,0
44.8,31.3,681,82.4,0.3,1,auto,1
46.5,39.7,762,68.8,21.3,1,auto,0
74.0,25.2,656,78.6,1.2,0,small_business,1
109.5,29.9,585,77.2,13.1,1,auto,0
118.0,35.6,631,92.5,3.8,1,home_improvement,1
59.5,28.1,776,77.9,3.9,1,auto,0
115.0,22.7,759,80.4,7.3,1,auto,0
63.1,39.5,627,83.3,2.4,1,auto,0
79.6,28.9,679,68.3,15.7,0,debt_consolidation,0
53.0,37.8,740,72.4,5.5,0,small_business,0
70.4,41.3,676,83.5,4.7,0,small_business,1
70.0,43.6,668,66.6,26.0,0,auto,0
69.1,9.2,719,70.0,4.9,0,debt_consolidation,0
89.0,21.4,704,81.1,1.1,0,home_improvement,0
76.2,31.7,733,69.7,9.2,0,auto,0
89.7,28.3,654,79.6,4.9,1,debt_consolidation,0
95.4,20.0,768,77.4,0.8,1,small_business,0
31.7,33.0,672,55.5,8.5,0,debt_consolidation,0
45.8,16.7,737,79.0,5.1,1,auto,0
36.5,47.6,806,101.9,6.2,1,debt_consolidation,0
55.2,17.2,646,72.0,7.4,1,home_improvement,0
71.4,47.8,713,54.7,17.8,1,home_improvement,0
52.2,18.3,553,70.8,1.3,1,home_improvement,1
103.8,13.5,791,92.6,0.6,1,small_business,0
52.7,22.2,604,95.4,5.1,0,home_improvement,1
112.1,38.0,616,73.7,24.0,1,auto,0
49.2,28.1,703,65.9,2.0,0,home_improvement,0
46.3,24.7,760,64.1,0.7,0,debt_consolidation,0
66.7,35.5,631,78.7,7.4,0,home_improvement,1
136.0,44.4,733,76.6,7.8,1,debt_consolidation,0
73.3,36.5,700,84.1,10.7,1,debt_consolidation,0
42.7,40.3,633,72.6,4.5,0,small_business,1
56.1,46.7,690,71.7,11.2,1,debt_consolidation,1
71.7,20.5,776,96.0,3.5,1,small_business,0
37.2,34.4,665,93.1,0.1,0,auto,1
61.1,25.3,683,75.2,3.4,0,debt_consolidation,0
65.6,51.7,658,73.0,7.2,1,home_improvement,1
45.0,35.5,640,51.3,0.4,0,home_improvement,0
84.5,54.5,644,65.7,7.9,0,debt_consolidation,1
37.9,31.4,771,92.9,4.7,0,small_business,0
59.8,42.1,680,64.8,8.8,1,home_improvement,0
59.1,14.9,683,79.0,12.4,1,auto,0
80.6,28.8,670,97.7,12.7,0,auto,1
76.5,16.3,649,95.6,3.7,0,debt_consolidation,0
24.3,29.4,721,39.0,0.1,1,debt_consolidation,0
156.3,12.7,726,76.5,21.4,1,debt_consolidation,0
42.0,43.3,727,75.6,8.4,0,home_improvement,1
53.1,49.0,713,65.3,1.6,0,auto,1
72.8,49.7,730,77.7,16.5,1,small_business,0
78.8,47.7,736,76.7,1.9,0,small_business,0
175.6,26.9,697,71.1,10.1,1,debt_consolidation,0
54.4,20.7,691,62.3,2.7,0,home_improvement,0
46.9,45.5,784,80.4,0.6,1,home_improvement,0
50.5,29.4,797,55.7,5.0,1,home_improvement,0
86.6,23.0,702,68.9,2.7,1,small_business,0
65.2,46.5,699,59.7,8.4,0,debt_consolidation,0
28.6,31.5,615,79.0,0.1,1,auto,0
51.3,58.0,619,89.8,0.6,0,debt_consolidation,1
44.7,13.8,599,94.6,1.1,0,debt_consolidation,0
52.0,39.4,660,77.4,0.1,0,debt_consolidation,1
81.5,29.9,700,89.7,2.2,1,home_improvement,0
23.8,40.2,674,90.5,6.1,1,home_improvement,0
72.9,43.6,676,86.8,5.7,0,home_improvement,1
220.7,9.4,721,100.0,10.0,1,debt_consolidation,0
49.0,32.2,700,68.6,5.5,1,debt_consolidation,0
65.1,22.9,581,69.8,0.4,0,home_improvement,1
129.6,24.9,777,51.9,1.1,0,debt_consolidation,0
45.2,24.1,709,78.5,1.9,0,debt_consolidation,0
118.2,32.9,664,95.9,4.3,1,auto,0
51.6,2.0,679,87.5,13.5,0,debt_consolidation,0
103.0,50.8,638,107.9,3.2,1,home_improvement,1
52.1,39.2,631,94.5,0.3,0,debt_consolidation,0
35.6,23.1,673,50.2,0.7,0,auto,0
90.6,50.1,693,78.4,8.3,1,small_business,0
120.6,20.4,692,49.4,1.4,0,debt_consolidation,0
142.8,34.9,672,68.7,14.2,1,small_business,0
115.6,37.5,749,73.2,4.2,0,auto,1
102.6,24.5,746,71.5,1.8,0,debt_consolidation,0
62.0,29.6,606,67.5,10.3,0,debt_consolidation,1
84.6,26.6,659,100.8,3.8,1,debt_consolidation,0
60.9,19.7,639,61.8,4.5,0,home_improvement,0
22.5,41.8,657,85.1,0.5,0,debt_consolidation,0
76.1,32.2,693,56.0,2.6,1,small_business,0
26.1,33.2,643,71.1,11.8,1,debt_consolidation,1
73.6,26.0,749,75.9,7.1,0,debt_consolidation,0
107.0,42.4,676,71.1,2.7,0,home_improvement,0
95.4,19.0,672,58.4,1.1,0,debt_consolidation,0
62.2,25.3,694,69.1,0.9,0,debt_consolidation,0
109.0,38.3,743,78.8,11.0,1,home_improvement,0
60.2,46.0,635,64.2,0.3,1,debt_consolidation,1
63.8,26.1,696,59.4,4.1,0,auto,0
74.0,51.8,620,96.8,14.9,1,auto,1
73.0,45.9,687,100.8,10.6,0,debt_consolidation,0
67.6,42.4,729,69.2,9.4,0,auto,0
177.9,35.1,622,55.2,17.3,0,debt_consolidation,0
54.7,24.1,740,97.1,9.3,1,debt_consolidation,0
116.4,21.7,668,65.2,1.9,1,auto,0
112.7,20.7,668,69.6,14.4,0,auto,0
22.9,40.0,703,71.8,1.9,0,home_improvement,0
49.7,18.4,595,83.6,22.7,0,debt_consolidation,1
72.6,14.1,723,51.5,1.2,1,debt_consolidation,0
45.3,51.5,692,92.9,3.5,0,debt_consolidation,1
76.0,35.1,611,74.7,1.6,1,auto,0
64.6,22.4,759,80.7,3.1,0,auto,0
25.0,55.7,684,61.4,2.7,1,home_improvement,0
160.2,22.0,691,62.7,3.8,1,auto,0
121.4,52.9,653,50.7,9.8,1,debt_consolidation,0
51.6,20.6,692,94.6,4.2,0,home_improvement,0
39.9,13.1,656,80.7,1.6,1,auto,0
45.9,42.4,690,92.9,1.6,0,debt_consolidation,0
61.6,39.9,699,61.8,2.8,1,auto,0
72.8,12.2,717,88.8,0.5,1,home_improvement,0
86.4,36.5,642,81.4,13.0,1,debt_consolidation,0
40.7,31.7,666,64.4,1.0,1,debt_consolidation,0
212.6,45.1,570,66.9,1.9,1,auto,1
192.4,44.9,668,63.3,14.1,0,auto,0
54.0,38.1,628,67.1,9.3,1,home_improvement,1
43.1,60.8,824,95.7,3.7,0,debt_consolidation,0
39.1,34.8,712,83.6,2.3,1,debt_consolidation,0
85.1,23.4,757,47.1,4.9,0,home_improvement,0
77.8,33.3,678,76.0,0.6,1,small_business,1
51.6,33.1,745,91.5,9.1,0,debt_consolidation,0
46.9,37.9,743,63.9,3.3,1,auto,0
42.2,38.1,763,95.7,6.8,0,debt_consolidation,0
102.6,41.5,730,83.5,1.5,1,auto,0
138.8,20.7,620,49.3,13.4,0,home_improvement,0
47.4,13.2,621,66.3,8.6,1,debt_consolidation,0
42.7,21.1,643,83.3,4.2,1,auto,0
57.3,22.8,649,77.2,4.0,1,auto,0
39.1,44.3,721,76.2,1.0,1,small_business,1
72.9,55.5,825,76.7,1.0,0,debt_consolidation,0
57.2,44.7,748,78.3,1.3,0,small_business,0
62.3,29.8,699,98.7,15.9,1,auto,0
79.2,35.2,559,55.7,0.7,1,debt_consolidation,0
41.5,43.9,636,54.3,4.6,0,home_improvement,0
34.2,24.7,722,64.6,0.2,0,small_business,0
99.5,13.5,698,61.4,5.0,1,debt_consolidation,0
83.9,18.4,785,56.2,4.8,0,home_improvement,0
58.3,37.6,690,64.2,0.7,1,small_business,0
36.1,39.8,705,56.0,0.9,0,home_improvement,0
85.8,49.5,778,85.6,4.6,1,small_business,0
69.8,36.8,733,81.0,3.9,0,small_business,1
106.7,7.6,662,59.7,6.6,0,auto,0
85.3,30.0,509,74.1,4.0,0,auto,1
37.0,31.1,760,76.1,0.1,0,debt_consolidation,0
126.0,32.5,610,61.6,3.6,0,debt_consolidation,0
205.8,19.6,773,86.9,1.1,1,auto,0
123.1,34.5,550,64.8,1.5,1,auto,1
61.1,37.8,732,61.1,0.2,1,debt_consolidation,0
82.7,33.4,702,70.3,0.6,0,home_improvement,0
73.4,39.2,716,63.4,11.2,1,debt_consolidation,0
88.7,37.8,850,71.2,1.7,1,home_improvement,0
58.3,22.0,833,72.9,1.6,0,debt_consolidation,0
26.0,39.5,727,73.6,5.1,0,debt_consolidation,1
47.3,20.9,710,59.9,20.0,1,debt_consolidation,0
81.2,55.5,683,82.5,7.0,1,home_improvement,1
67.6,27.0,639,90.2,1.6,1,small_business,1
74.5,22.0,506,59.4,7.5,0,debt_consolidation,1
71.5,28.3,771,87.6,4.1,1,debt_consolidation,0
82.8,38.6,732,98.5,12.4,0,debt_consolidation,1
113.4,23.2,658,69.8,3.0,0,debt_consolidation,0
92.2,54.1,666,81.4,9.6,0,auto,1
212.4,40.4,667,64.5,0.5,0,home_improvement,0
97.9,48.5,721,49.3,10.0,1,debt_consolidation,0
86.9,35.6,642,71.0,4.0,1,debt_consolidation,0
61.1,19.4,797,75.9,0.2,1,debt_consolidation,0
122.6,21.2,634,84.5,6.3,1,auto,0
144.6,30.1,642,74.4,0.6,0,debt_consolidation,0
55.0,25.6,769,48.7,10.7,1,small_business,0
46.2,6.5,657,86.7,7.8,0,home_improvement,0
61.9,43.0,689,83.9,0.6,1,auto,0
79.2,25.4,684,79.1,1.0,1,debt_consolidation,0
79.2,21.8,721,78.7,10.1,1,debt_consolidation,0
40.3,21.4,608,70.3,2.9,0,auto,1
45.5,40.9,687,67.2,0.9,1,debt_consolidation,0
124.6,22.1,687,85.3,5.6,1,auto,0
65.9,37.7,669,65.3,0.5,0,auto,0
28.7,25.8,716,81.2,6.6,0,auto,0
64.7,31.2,717,82.9,3.6,0,auto,0
27.0,34.4,809,51.3,9.5,1,small_business,0
93.2,27.6,623,90.8,8.6,0,auto,1
62.9,35.0,721,61.9,1.4,1,debt_consolidation,0
45.3,44.5,635,50.1,0.5,0,small_business,1
52.8,35.5,715,67.4,0.9,0,home_improvement,0
97.4,42.7,623,80.3,0.4,1,debt_consolidation,0
54.0,46.9,736,86.0,2.1,1,auto,1
60.9,48.7,665,68.7,14.5,0,home_improvement,0
73.2,31.4,650,70.7,3.1,1,debt_consolidation,0
55.1,37.9,619,62.2,5.3,1,debt_consolidation,0
76.0,41.6,761,89.3,3.6,0,auto,0
59.3,46.5,672,53.5,6.4,1,debt_consolidation,0
128.6,21.0,723,79.4,0.6,0,auto,0
285.0,50.4,713,78.1,3.4,0,auto,0
80.5,50.0,689,66.7,0.7,0,debt_consolidation,1
119.6,47.8,693,72.0,2.1,0,debt_consolidation,1
75.7,50.3,766,72.4,2.5,1,debt_consolidation,0
24.2,44.1,736,81.4,4.5,0,home_improvement,1
132.4,34.6,633,68.9,1.0,0,debt_consolidation,0
57.2,34.8,655,87.2,1.1,1,debt_consolidation,0
105.8,34.7,671,78.6,11.1,0,auto,0
48.4,39.2,686,93.4,7.1,1,home_improvement,1
169.9,2.0,797,81.6,5.2,1,debt_consolidation,0
36.0,35.0,630,73.3,12.2,0,home_improvement,1
96.9,26.1,617,91.4,0.8,0,auto,0
48.9,17.1,680,89.4,2.5,0,auto,0
62.0,25.8,811,73.8,5.4,1,small_business,0
38.5,25.0,584,94.9,6.2,0,home_improvement,0
98.6,37.7,632,94.4,0.4,0,small_business,1
121.3,32.3,611,84.7,1.7,1,small_business,1
120.2,16.5,605,74.5,1.4,1,home_improvement,0
39.9,47.6,721,87.8,3.7,0,debt_consolidation,0
71.7,37.9,636,92.1,6.5,0,home_improvement,0
83.6,52.9,782,75.3,3.3,1,debt_consolidation,0
74.7,16.0,759,62.2,6.1,1,debt_consolidation,0
37.6,29.7,773,75.8,0.2,1,auto,0
45.8,13.4,638,51.5,4.9,0,debt_consolidation,0
74.7,32.6,700,64.4,22.1,1,home_improvement,0
45.9,58.3,727,57.9,0.3,0,auto,0
136.8,40.8,632,70.8,1.0,0,debt_consolidation,1
63.3,16.3,814,57.9,6.6,1,debt_consolidation,0
43.8,37.6,725,84.4,0.7,0,small_business,0
48.3,22.6,850,77.7,4.2,1,debt_consolidation,0
69.5,37.5,685,66.2,28.3,1,auto,0
110.6,32.5,644,78.8,1.9,0,debt_consolidation,0
84.0,32.8,648,70.0,1.8,1,home_improvement,1
51.6,26.3,662,54.2,2.5,1,home_improvement,0
76.5,20.0,690,91.5,0.4,1,debt_consolidation,0
75.1,17.1,684,68.7,0.3,1,small_business,0
177.2,44.3,699,89.3,2.5,1,home_improvement,0
56.1,23.2,689,77.9,3.0,0,auto,0
58.2,47.9,629,85.9,1.4,0,debt_consolidation,0
128.0,39.0,642,80.1,10.7,0,debt_consolidation,1
67.0,34.0,767,64.2,5.1,1,auto,0
53.8,26.4,647,47.0,4.8,1,debt_consolidation,0
71.6,3.3,717,87.3,1.1,1,auto,0
68.6,36.9,567,72.7,1.7,1,debt_consolidation,0
60.6,27.5,726,65.8,1.8,1,home_improvement,0
40.0,35.2,769,66.5,0.8,0,home_improvement,0
54.8,2.8,768,51.0,1.6,1,debt_consolidation,0
46.7,34.8,704,69.8,1.0,1,small_business,0
80.3,29.4,651,56.3,6.7,0,debt_consolidation,0
43.2,18.0,689,75.1,6.7,1,auto,0
29.9,43.5,650,83.9,14.6,1,home_improvement,0
43.2,19.0,658,97.1,6.6,1,home_improvement,0
68.0,21.2,660,104.1,2.2,0,home_improvement,0
68.2,54.7,683,90.4,3.1,1,debt_consolidation,1
26.6,20.5,647,87.8,4.6,0,debt_consolidation,1
53.9,27.6,795,72.2,2.4,1,auto,0
79.8,28.3,661,62.2,11.3,0,home_improvement,0
53.9,27.5,615,84.5,5.5,1,small_business,0
39.3,25.1,673,84.8,8.0,1,debt_consolidation,0
42.3,35.7,640,99.3,5.4,0,debt_consolidation,1
17.7,25.0,667,64.6,0.2,0,auto,1
54.8,38.8,628,61.9,2.8,0,debt_consolidation,1
58.9,50.8,666,81.6,6.9,1,auto,0
51.3,34.7,673,65.4,4.1,0,debt_consolidation,0
41.0,18.5,771,87.6,2.7,1,home_improvement,0
60.1,30.2,655,55.6,6.4,1,small_business,0
153.8,46.8,807,62.2,1.2,1,debt_consolidation,0
50.1,23.4,736,101.7,2.3,1,debt_consolidation,0
21.2,8.0,635,78.6,3.0,1,debt_consolidation,1
60.3,5.5,635,64.7,3.0,0,auto,0
63.1,39.3,709,87.2,5.3,1,auto,0
75.6,48.7,701,85.6,6.6,1,small_business,0
89.0,36.1,678,61.3,3.6,0,auto,1
52.0,32.2,695,64.5,7.8,1,small_business,0
46.3,37.4,750,69.3,2.3,1,debt_consolidation,0
20.3,5.1,684,95.5,4.7,0,home_improvement,1
98.5,31.8,796,90.7,20.0,0,home_improvement,0
104.1,47.7,660,63.8,0.8,1,debt_consolidation,0
36.9,23.9,674,71.9,3.5,0,debt_consolidation,0
43.5,56.2,712,85.8,11.2,1,auto,0
64.7,36.7,644,97.0,2.0,1,auto,1
59.6,28.9,543,51.8,7.4,0,small_business,0
56.3,19.2,602,54.9,4.9,0,debt_consolidation,0
96.3,22.1,696,67.8,3.4,0,home_improvement,0
62.6,16.9,603,50.2,2.7,1,auto,0
142.3,40.3,700,71.8,3.4,1,debt_consolidation,0
54.2,35.7,705,78.3,0.5,0,small_business,0
54.7,42.2,791,72.7,7.6,1,small_business,1
47.9,25.0,653,77.8,2.3,1,debt_consolidation,0
117.6,40.2,619,81.1,0.3,1,debt_consolidation,1
76.7,17.6,808,87.2,7.4,0,small_business,0
78.2,28.4,649,86.9,0.9,0,home_improvement,0
37.4,34.0,655,64.3,2.4,1,debt_consolidation,0
66.2,28.8,604,98.7,11.6,1,debt_consolidation,0
81.5,23.6,656,85.3,15.5,1,debt_consolidation,0
103.4,50.8,576,80.2,2.4,1,debt_consolidation,1
125.8,44.0,652,93.5,1.3,1,small_business,1
83.8,39.3,726,101.3,3.0,1,debt_consolidation,0
130.0,20.0,668,71.2,8.6,1,home_improvement,0
86.6,42.9,792,58.9,3.8,1,debt_consolidation,0
49.1,26.6,721,68.3,5.4,0,home_improvement,0
61.8,32.7,752,48.2,5.0,1,debt_consolidation,0
118.5,35.1,719,91.3,4.4,0,home_improvement,0
33.5,34.7,620,59.8,2.9,1,auto,0
53.0,28.5,679,53.8,6.4,1,auto,0
54.0,17.0,722,89.8,3.5,0,debt_consolidation,0
49.3,47.2,772,88.4,0.5,0,auto,0
73.5,19.1,662,63.9,1.3,1,home_improvement,0
107.0,26.8,719,76.6,3.7,0,small_business,0
50.1,18.6,729,76.8,7.0,0,debt_consolidation,0
71.0,41.1,666,88.7,5.0,0,auto,1
27.9,51.3,671,70.8,7.3,1,debt_consolidation,0
76.1,55.7,850,80.5,0.3,0,debt_consolidation,0
94.7,36.5,566,71.1,8.1,0,home_improvement,1
77.0,57.9,666,58.2,1.9,0,home_improvement,1
83.5,36.5,686,55.6,5.1,0,debt_consolidation,1
40.2,2.0,567,96.0,7.6,1,auto,1
114.8,33.1,688,81.5,8.2,0,debt_consolidation,0
91.2,37.2,713,62.6,5.8,1,debt_consolidation,0
181.6,29.6,698,85.6,11.0,0,small_business,0
71.3,19.1,850,95.6,2.6,0,debt_consolidation,0
86.9,9.9,656,85.6,0.5,1,debt_consolidation,0
54.0,31.7,744,65.7,4.0,0,small_business,0
26.8,19.0,636,71.5,3.8,0,debt_consolidation,0
70.0,21.3,694,85.8,6.7,0,small_business,0
51.2,36.5,658,97.5,0.4,0,small_business,1
68.8,42.4,663,63.5,9.8,0,debt_consolidation,1
80.6,19.0,733,64.5,1.6,1,debt_consolidation,0
83.8,36.6,678,55.0,10.0,1,small_business,0
77.4,36.0,699,82.5,12.2,0,debt_consolidation,0
87.8,27.0,645,59.8,0.7,1,auto,0
67.6,26.9,617,81.7,0.3,0,home_improvement,1
71.2,21.9,674,55.4,8.4,0,small_business,0
52.8,47.6,720,72.0,1.9,0,auto,0
44.5,45.8,721,99.4,1.9,1,home_improvement,0
128.3,35.8,708,104.2,0.0,0,auto,1
82.4,52.3,705,76.2,0.7,0,debt_consolidation,1
40.1,38.5,715,74.0,1.0,1,home_improvement,0
75.7,49.5,660,63.2,11.6,0,debt_consolidation,0
49.9,43.9,777,68.0,11.8,0,debt_consolidation,0
45.8,25.0,771,83.0,7.0,0,home_improvement,0
67.6,55.8,680,84.0,4.6,0,debt_consolidation,1
102.6,38.7,651,83.1,2.1,1,debt_consolidation,1
142.5,34.4,731,71.3,6.4,1,small_business,0
73.3,23.0,641,91.8,6.1,0,debt_consolidation,1
148.4,28.6,740,69.7,2.4,0,home_improvement,0
41.7,39.6,650,56.1,1.1,0,small_business,0
29.4,34.5,653,72.8,5.4,1,home_improvement,0
57.4,28.8,682,79.9,3.8,1,debt_consolidation,0
37.5,29.4,757,95.5,4.9,0,debt_consolidation,0
36.4,21.4,621,84.3,7.4,0,auto,0
90.5,32.8,737,89.1,1.4,0,home_improvement,0
87.1,39.6,710,62.8,0.4,0,auto,1
108.1,36.2,678,78.8,1.6,1,auto,0
27.7,60.5,585,64.1,6.3,1,debt_consolidation,1
99.0,35.2,616,78.6,2.8,0,debt_consolidation,0
57.5,31.6,701,87.8,0.3,1,home_improvement,0
100.1,14.0,689,67.6,2.8,0,small_business,0
116.7,15.0,756,92.8,2.7,0,auto,0
42.6,37.0,752,57.7,2.4,1,small_business,0
35.4,45.2,718,58.1,3.2,1,auto,0
64.0,40.5,661,77.4,4.0,0,debt_consolidation,0
59.6,27.4,662,78.3,0.1,1,auto,0
128.0,48.2,789,75.4,6.3,0,home_improvement,0
61.3,30.2,662,63.1,1.2,0,small_business,1
56.1,30.3,610,80.7,14.7,0,small_business,1
89.3,51.2,687,73.4,0.2,1,debt_consolidation,1
80.4,23.6,672,91.6,1.7,1,home_improvement,1
66.3,29.0,691,73.0,1.0,1,small_business,0
73.9,17.5,677,93.2,6.0,1,debt_consolidation,0
114.5,25.3,722,94.6,16.0,0,debt_consolidation,0
114.1,34.7,669,74.8,4.8,0,debt_consolidation,0
64.1,58.7,729,67.1,4.5,0,small_business,1
34.6,31.3,717,96.1,11.9,0,auto,0
40.3,29.5,752,75.0,6.3,1,debt_consolidation,0
40.9,11.8,669,58.7,7.2,0,debt_consolidation,0
77.6,35.6,770,59.5,0.2,1,debt_consolidation,0
35.0,38.5,676,94.3,2.3,1,small_business,1
40.1,44.3,558,67.5,0.9,1,home_improvement,1
170.0,35.7,730,88.5,6.6,1,home_improvement,0
86.2,30.9,596,74.4,0.7,0,debt_consolidation,0
73.3,19.1,695,101.3,0.7,1,auto,0
85.9,30.8,669,67.5,0.7,1,auto,0
64.2,2.0,682,66.7,0.8,0,home_improvement,0
81.9,53.2,716,88.7,7.8,0,debt_consolidation,0
77.5,40.2,685,71.6,0.7,0,auto,0
73.2,23.9,670,83.9,4.0,0,debt_consolidation,0
79.0,11.9,712,69.6,4.8,0,small_business,0
59.3,31.1,759,85.4,2.1,0,small_business,0
48.4,23.4,759,70.7,8.3,0,debt_consolidation,0
79.7,41.3,786,89.4,8.8,0,debt_consolidation,0
73.9,32.6,661,61.9,1.1,0,auto,1
75.6,34.2,613,104.5,11.7,1,home_improvement,0
51.2,42.6,626,61.6,1.0,0,small_business,1
47.8,28.6,696,81.0,1.3,1,debt_consolidation,0
85.3,10.6,606,59.1,1.8,0,debt_consolidation,1
80.7,24.7,619,69.1,2.6,0,debt_consolidation,0
69.7,45.2,729,81.4,14.1,0,debt_consolidation,0
107.2,22.4,784,66.6,3.0,1,small_business,0
67.4,25.8,673,83.9,3.9,1,debt_consolidation,0
73.5,20.7,697,78.4,3.8,1,debt_consolidation,0
44.7,33.9,755,93.9,10.4,1,home_improvement,0
105.6,40.0,768,91.1,11.5,0,home_improvement,0
51.4,27.7,657,58.7,5.3,1,debt_consolidation,0
54.9,27.1,690,84.1,6.3,0,debt_consolidation,0
82.2,27.1,619,77.2,16.2,0,debt_consolidation,0
80.0,30.9,776,55.0,4.6,1,debt_consolidation,0
41.0,34.2,610,77.1,0.7,1,auto,0
72.1,50.8,656,77.0,9.3,1,auto,1
75.3,18.4,671,105.0,2.1,0,auto,0
94.2,15.1,655,86.2,12.0,0,auto,0
29.7,23.2,679,82.5,3.3,0,debt_consolidation,1
37.0,23.2,746,80.8,2.7,1,debt_consolidation,0
44.0,31.0,566,88.9,3.6,0,small_business,1
75.6,18.8,746,72.3,2.1,0,home_improvement,0
44.1,31.7,728,77.7,1.9,1,home_improvement,1
84.5,42.5,667,63.2,3.5,0,debt_consolidation,0
78.0,26.6,599,78.5,4.3,1,auto,1
40.8,42.4,692,55.8,1.1,1,home_improvement,0
36.9,42.3,675,107.6,5.7,1,auto,0
28.7,36.5,688,75.0,0.3,1,debt_consolidation,0
71.0,52.3,609,72.9,2.3,1,debt_consolidation,1
101.0,23.6,779,85.3,3.0,1,home_improvement,0
46.8,25.9,609,69.2,0.7,1,home_improvement,0
65.6,34.5,712,86.7,0.2,1,debt_consolidation,0
53.1,44.5,612,80.9,3.2,1,debt_consolidation,0
130.9,45.0,673,82.0,3.5,0,home_improvement,0
49.1,24.5,659,97.7,4.8,0,debt_consolidation,0
51.3,34.1,721,87.8,6.4,1,small_business,1
136.7,38.9,699,76.7,6.9,0,debt_consolidation,0
150.9,21.0,746,56.9,2.3,1,home_improvement,0
57.6,51.9,713,63.7,7.4,1,small_business,0
53.0,26.9,706,74.6,11.5,0,debt_consolidation,0
64.7,37.8,716,76.8,0.0,1,home_improvement,0
45.9,41.4,718,43.1,3.4,0,debt_consolidation,0
71.5,24.2,726,65.8,6.8,1,auto,0
67.8,23.9,700,68.1,3.1,0,debt_consolidation,0
75.7,9.2,626,80.8,1.7,1,home_improvement,0
41.1,27.3,748,65.3,2.2,0,home_improvement,0
56.8,36.8,673,100.9,9.3,0,home_improvement,1
113.5,28.1,722,87.9,0.2,1,debt_consolidation,0
94.7,23.7,665,61.8,0.0,1,debt_consolidation,0
100.8,41.5,723,106.6,0.9,1,debt_consolidation,0
68.5,40.6,648,65.8,6.8,1,small_business,0
123.6,35.2,745,55.0,0.6,1,debt_consolidation,0
72.3,29.0,620,105.5,0.1,1,home_improvement,1
78.8,34.8,729,79.0,8.2,1,small_business,0
121.0,32.6,645,84.2,0.7,1,home_improvement,1
65.2,21.9,643,64.2,2.8,0,small_business,1
45.9,56.7,798,68.7,6.3,1,debt_consolidation,0
68.3,21.2,680,65.9,1.1,0,small_business,0
75.6,30.4,742,85.2,0.5,0,auto,0
61.1,31.7,705,84.5,4.5,1,debt_consolidation,0
33.9,24.5,661,85.9,5.7,1,debt_consolidation,0
73.2,37.6,705,84.3,15.5,0,debt_consolidation,0
53.5,26.0,710,76.5,0.4,0,home_improvement,0
38.9,46.0,713,120.0,3.0,1,auto,1
64.9,8.4,670,76.2,0.4,0,home_improvement,0
14.4,32.3,729,64.6,10.5,0,debt_consolidation,0
60.4,32.5,620,71.9,3.7,0,debt_consolidation,0
74.1,13.2,717,75.0,6.8,0,auto,0
116.1,46.2,733,71.5,2.5,1,debt_consolidation,0
77.7,23.3,705,76.8,7.8,1,debt_consolidation,0
78.9,28.6,641,48.1,0.9,1,debt_consolidation,0
37.2,33.5,737,85.3,6.3,0,auto,0
222.1,15.6,629,108.6,4.0,0,debt_consolidation,0
71.2,30.1,647,65.1,4.1,0,debt_consolidation,1
87.8,42.7,716,68.9,0.1,1,debt_consolidation,1
128.7,31.9,707,90.1,0.5,0,small_business,0
40.7,24.0,732,58.7,3.7,0,debt_consolidation,0
65.5,36.6,755,73.9,0.8,0,debt_consolidation,0
57.5,26.1,706,68.1,3.5,0,home_improvement,1
99.2,17.3,640,77.1,0.8,1,home_improvement,0
78.9,37.0,792,86.2,2.1,0,small_business,0
126.4,58.8,656,72.8,0.6,0,debt_consolidation,1
134.1,28.9,751,65.4,7.5,1,debt_consolidation,0
45.2,54.5,689,66.1,6.2,0,home_improvement,1
91.2,13.0,741,64.6,0.2,0,auto,0
163.7,34.2,669,110.4,2.0,1,home_improvement,0
71.3,22.5,780,57.1,3.0,0,debt_consolidation,0
50.2,39.8,712,87.9,5.0,1,small_business,1
63.1,25.3,634,70.2,13.6,1,home_improvement,0
65.3,31.3,677,55.9,3.7,1,debt_consolidation,0
95.2,32.0,674,77.7,3.1,0,debt_consolidation,1
39.7,26.7,737,75.8,17.6,0,debt_consolidation,0
80.4,32.2,765,87.2,19.8,1,debt_consolidation,0
83.4,43.4,646,105.0,12.7,1,small_business,1
100.0,25.5,702,75.4,11.8,1,small_business,1
46.3,23.4,669,84.7,2.3,1,debt_consolidation,1
57.9,16.5,698,80.1,3.3,0,auto,0
55.4,46.5,668,61.1,1.0,0,home_improvement,0
106.7,31.0,651,76.0,5.8,1,debt_consolidation,1
61.0,38.5,767,78.1,5.3,0,home_improvement,0
55.2,28.0,699,91.4,2.3,1,debt_consolidation,0
318.8,51.3,624,55.6,2.4,1,debt_consolidation,0
111.6,41.9,687,72.9,2.1,1,debt_consolidation,0
75.5,35.7,588,62.6,8.2,1,home_improvement,1
55.8,25.6,628,57.9,1.7,1,home_improvement,1
52.5,33.9,781,70.8,9.2,1,debt_consolidation,0
72.6,29.7,649,82.3,0.0,1,home_improvement,0
97.3,37.2,741,70.8,8.5,0,debt_consolidation,0
58.9,42.4,692,74.7,10.5,1,home_improvement,0
61.2,16.9,701,79.9,0.2,1,debt_consolidation,0
87.0,22.9,606,76.5,0.5,1,debt_consolidation,0
47.9,20.6,755,62.2,12.0,1,small_business,0
46.1,43.0,604,86.7,2.8,1,debt_consolidation,1
94.9,23.7,810,61.3,1.2,1,small_business,0
82.0,23.5,780,75.9,0.6,0,debt_consolidation,0
42.8,31.0,667,64.5,10.0,0,home_improvement,0
56.7,44.2,821,73.9,1.9,1,auto,0
64.4,20.8,741,55.7,6.7,0,debt_consolidation,0
72.8,28.9,736,70.1,1.5,0,small_business,0
59.2,22.3,808,83.1,2.5,1,small_business,0
180.4,47.2,591,59.8,4.4,0,debt_consolidation,1
71.4,28.8,714,87.3,1.0,1,small_business,0
56.5,34.1,711,69.4,11.2,1,debt_consolidation,0
50.5,39.6,721,79.8,10.6,0,debt_consolidation,0
93.9,29.3,610,81.7,0.0,0,home_improvement,0
48.0,34.5,679,71.6,3.5,1,small_business,0
60.3,52.1,621,78.5,9.2,1,auto,0
60.8,51.2,644,58.6,7.0,1,debt_consolidation,0
82.4,29.4,696,84.2,4.8,1,debt_consolidation,0
65.9,11.6,586,62.6,0.4,1,debt_consolidation,0
35.4,27.7,697,93.5,0.8,1,auto,0
39.2,55.6,693,99.3,8.6,0,small_business,0
73.5,42.8,639,84.7,4.0,1,debt_consolidation,0
36.6,33.0,667,85.4,9.6,0,debt_consolidation,1
32.0,35.7,668,72.3,6.7,0,debt_consolidation,0
79.8,47.2,658,84.5,15.9,1,auto,1
92.0,21.3,733,68.7,1.4,1,auto,0
64.0,40.6,712,87.1,5.1,1,auto,0
54.5,21.6,736,68.5,3.7,1,home_improvement,0
64.7,12.0,705,64.7,5.7,0,auto,0
101.4,46.1,548,64.7,11.3,1,debt_consolidation,1
40.6,49.7,693,102.1,8.6,1,debt_consolidation,1
88.5,42.4,746,83.8,1.2,1,debt_consolidation,0
79.1,26.4,709,57.6,9.7,1,debt_consolidation,0
49.8,38.5,614,73.8,0.1,0,debt_consolidation,1
99.3,16.4,778,71.1,1.8,0,home_improvement,0
44.6,27.2,692,85.7,3.8,0,small_business,0
94.2,41.7,752,83.3,2.0,0,debt_consolidation,0
42.6,36.0,657,103.5,4.5,1,auto,0
35.4,2.0,772,81.6,3.0,1,small_business,0
50.2,11.9,777,82.4,5.0,1,debt_consolidation,0
50.5,28.9,743,69.6,0.3,0,small_business,0
88.0,27.8,627,85.6,0.7,0,small_business,0
78.5,27.4,683,112.0,4.5,1,auto,0
61.0,27.8,731,95.4,1.8,0,home_improvement,0
105.8,37.0,663,100.2,3.2,0,auto,1
73.9,36.1,695,90.0,1.0,1,debt_consolidation,0
57.6,34.7,624,49.4,9.7,0,auto,0
41.2,17.1,716,77.7,0.7,1,debt_consolidation,0
23.7,18.4,670,90.1,3.3,1,small_business,0
97.2,28.7,674,66.5,1.3,0,debt_consolidation,1
54.6,44.3,696,79.7,5.4,1,auto,0
54.8,24.6,758,90.6,4.1,1,small_business,0
87.0,29.4,649,53.5,9.0,0,small_business,0
39.9,33.6,671,69.6,6.3,1,small_business,0
59.3,26.2,646,95.3,2.0,0,debt_consolidation,1
46.7,17.0,645,64.6,0.2,0,home_improvement,0
83.4,30.4,748,65.4,1.1,1,home_improvement,0
56.7,25.5,657,71.7,3.1,1,home_improvement,0
80.4,36.3,779,71.1,1.5,1,auto,0
49.3,33.4,718,81.8,2.1,1,auto,0
104.1,38.6,740,82.6,19.8,1,debt_consolidation,0
98.8,21.3,787,76.0,0.1,0,debt_consolidation,0
60.7,44.0,713,102.2,16.3,1,small_business,0
146.5,33.8,674,48.2,3.4,0,auto,0
43.1,34.3,601,56.3,1.2,1,debt_consolidation,1
93.2,15.8,702,77.3,7.7,1,home_improvement,0
89.5,31.8,647,56.6,6.3,1,home_improvement,0
69.7,32.2,653,75.9,4.7,0,debt_consolidation,0
97.1,49.7,641,58.8,6.5,0,auto,0
64.6,31.4,772,57.5,1.0,1,small_business,0
42.6,26.6,660,75.1,11.2,0,home_improvement,0
36.0,32.0,685,81.5,0.1,1,auto,0
40.0,43.9,653,67.9,35.0,0,debt_consolidation,0
60.5,28.2,775,68.3,12.0,0,auto,0
90.9,21.6,730,61.9,1.7,1,home_improvement,0
72.0,23.5,701,74.8,0.8,0,small_business,0
39.7,27.9,743,98.2,1.5,0,home_improvement,0
56.4,33.5,748,48.5,8.4,0,home_improvement,0
71.5,22.4,635,80.6,3.9,1,home_improvement,1
110.6,35.8,695,88.5,5.5,0,auto,1
81.2,37.4,649,74.3,6.1,1,auto,0
74.7,34.8,619,85.1,0.9,1,small_business,1
92.1,36.3,667,71.5,4.5,0,debt_consolidation,0
81.3,14.0,728,73.3,2.8,1,auto,0
105.6,33.7,740,83.3,12.1,1,small_business,0
46.2,39.1,738,82.9,1.1,1,debt_consolidation,0
48.0,18.4,604,63.0,1.0,1,auto,1
26.9,53.2,659,70.5,0.4,1,debt_consolidation,0
43.6,10.2,781,70.5,9.0,0,debt_consolidation,0
85.5,25.7,672,68.2,8.2,0,debt_consolidation,0
87.3,35.0,676,64.3,0.5,0,small_business,0
91.8,18.1,748,80.5,2.7,0,auto,0
53.9,41.7,641,63.4,0.6,1,small_business,1
58.7,25.5,674,77.4,0.4,0,home_improvement,0
70.7,35.1,695,77.3,3.7,1,home_improvement,0
171.0,27.4,567,90.4,0.3,1,debt_consolidation,0
92.4,18.9,629,88.7,3.4,0,debt_consolidation,0
30.6,31.1,752,70.5,10.7,1,debt_consolidation,0
76.4,32.3,772,66.7,11.8,1,auto,0
76.1,34.4,683,64.5,3.8,0,home_improvement,0
95.5,36.6,666,78.1,2.0,0,home_improvement,0
83.5,34.3,701,64.3,6.7,1,debt_consolidation,0
75.4,36.4,736,96.0,3.4,1,auto,0
77.4,10.3,734,60.6,10.9,1,home_improvement,0
54.5,43.9,679,63.2,1.9,1,debt_consolidation,0
46.0,30.4,702,65.8,2.1,1,auto,0
62.7,17.6,641,75.5,2.2,0,debt_consolidation,1
129.8,18.0,680,75.0,2.3,1,small_business,0
65.9,47.7,691,77.3,13.0,0,debt_consolidation,1
54.0,19.7,759,75.1,6.0,1,debt_consolidation,0
40.9,18.5,677,87.9,4.6,0,auto,1
101.8,43.1,724,103.2,3.1,1,home_improvement,0
55.4,40.4,695,65.6,0.2,0,debt_consolidation,0
65.0,46.0,667,71.9,11.6,0,debt_consolidation,1
44.3,35.9,659,76.3,9.6,1,auto,0
30.6,53.2,763,89.7,1.2,1,home_improvement,0
47.8,37.7,651,83.5,2.0,0,home_improvement,0
151.1,42.5,650,83.8,2.4,1,debt_consolidation,0
40.6,35.2,714,109.2,1.7,1,debt_consolidation,1
73.8,26.6,748,65.9,6.4,1,small_business,0
75.2,27.4,712,76.6,0.6,0,auto,0
38.4,28.7,686,74.4,2.7,1,debt_consolidation,0
57.1,18.9,676,67.4,0.3,1,debt_consolidation,0
28.7,37.1,703,72.2,5.7,0,home_improvement,0
112.1,39.7,672,89.2,3.6,1,auto,1
98.2,36.5,756,87.6,5.8,0,debt_consolidation,0
83.6,32.1,829,48.8,3.2,0,debt_consolidation,0
71.7,43.2,574,100.1,18.9,1,debt_consolidation,1
77.0,38.2,651,59.9,2.8,0,home_improvement,0
79.4,17.2,629,62.1,2.2,1,small_business,0
44.8,30.5,633,60.8,5.0,1,small_business,0
48.1,26.7,629,107.5,17.3,1,debt_consolidation,0
37.8,35.6,697,82.4,13.1,1,debt_consolidation,0
288.4,49.2,720,77.3,1.4,1,small_business,0
84.6,43.9,637,83.5,2.0,0,debt_consolidation,1
61.7,28.6,753,80.1,4.9,1,home_improvement,0
122.3,23.8,690,92.4,6.2,1,debt_consolidation,0
71.6,43.8,668,82.3,2.7,0,home_improvement,1
76.0,30.5,772,93.6,1.6,0,home_improvement,0
41.7,29.2,691,75.4,4.6,0,debt_consolidation,0
74.9,29.1,673,44.6,1.2,1,debt_consolidation,0
44.9,26.3,761,59.9,4.6,1,small_business,0
47.1,15.7,740,67.2,4.4,0,small_business,0
147.7,18.3,649,38.1,0.7,1,debt_consolidation,0
109.6,37.0,635,84.8,15.5,0,debt_consolidation,0
92.1,25.3,703,71.0,5.1,1,auto,1
58.3,33.0,690,72.7,5.9,1,debt_consolidation,1
94.6,42.2,569,71.2,0.8,1,home_improvement,1
31.6,5.3,704,49.6,1.0,0,debt_consolidation,0
84.9,15.2,633,78.2,14.7,0,auto,0
57.1,34.4,671,68.6,2.6,0,small_business,0
53.7,44.6,720,80.9,12.0,1,debt_consolidation,0
35.5,33.6,731,99.2,0.2,1,auto,0
97.1,17.3,747,61.7,3.5,1,debt_consolidation,0
92.6,36.0,772,71.9,10.0,0,home_improvement,0
120.0,24.7,597,75.7,11.3,0,home_improvement,0
63.1,28.9,665,51.7,4.1,1,small_business,0
50.6,28.4,745,70.1,4.9,1,home_improvement,0
48.2,33.6,735,78.9,4.4,1,debt_consolidation,0
39.5,23.4,731,69.5,2.5,1,debt_consolidation,0
63.9,31.3,790,88.7,9.5,0,debt_consolidation,0
130.3,26.6,731,89.0,1.9,0,debt_consolidation,0
75.5,33.0,650,85.0,1.1,1,debt_consolidation,0
51.7,33.0,717,83.3,6.9,0,debt_consolidation,0
152.3,29.2,682,69.8,1.4,1,debt_consolidation,0
82.1,40.7,743,87.7,1.2,1,debt_consolidation,0
95.7,35.9,699,60.2,5.6,1,small_business,1
65.8,31.8,736,78.6,3.6,1,auto,0
56.8,36.6,677,67.3,1.2,1,debt_consolidation,0
130.5,16.5,667,60.0,5.9,1,small_business,0
42.6,48.1,658,78.3,3.4,0,debt_consolidation,1
39.6,36.4,782,64.9,2.9,1,home_improvement,0
45.0,24.5,742,80.5,0.1,0,home_improvement,0
51.2,28.3,704,86.8,9.6,0,debt_consolidation,0
47.8,22.7,702,79.2,7.9,1,small_business,0
30.9,29.1,687,86.7,1.5,0,debt_consolidation,0
39.8,29.1,753,83.5,1.3,1,debt_consolidation,0
119.5,43.5,688,77.7,3.3,0,debt_consolidation,0
