month,rf,mkt_excess,smb,hml,mom,stock_excess,fund_excess
2015-01,0.054,2.01,-2.26,-2.744,0.469,5.29,0.021
2015-02,0.083,-3.772,0.0,0.104,1.936,-7.403,-2.799
2015-03,0.085,3.927,1.261,-5.49,5.397,11.481,-2.14
2015-04,0.097,4.744,4.346,-4.729,-2.577,2.993,1.456
2015-05,0.095,-7.689,1.118,6.944,-1.364,-12.595,-4.893
2015-06,0.092,-4.899,0.293,-3.244,6.778,-3.219,-4.697
2015-07,0.076,1.25,4.092,-3.306,-1.665,5.577,2.521
2015-08,0.085,-0.66,-3.09,5.393,-3.703,1.616,0.455
2015-09,0.068,0.628,-1.469,8.362,-0.404,-7.443,1.148
2015-10,0.081,-2.968,-2.754,-3.101,4.329,-0.82,-5.633
2015-11,0.103,4.481,-0.241,-1.516,0.847,0.63,4.849
2015-12,0.11,4.045,-2.873,0.586,5.433,6.432,2.953
2016-01,0.105,0.984,1.899,4.915,2.773,-5.689,4.077
2016-02,0.114,5.547,0.354,-3.417,4.382,9.366,3.974
2016-03,0.108,2.71,-3.318,-0.982,2.802,-0.445,1.372
2016-04,0.126,-2.995,-2.99,2.554,8.834,-9.957,-3.22
2016-05,0.09,2.286,1.258,1.032,-0.486,6.626,4.409
2016-06,0.083,-3.423,1.766,-0.749,-6.964,-2.871,-2.086
2016-07,0.043,4.477,5.963,-0.836,6.763,2.727,2.972
2016-08,0.013,0.485,7.749,-4.036,-0.432,8.063,0.153
2016-09,0.04,-0.095,1.163,-0.681,1.046,-2.122,1.413
2016-10,0.058,-2.228,-2.807,-0.55,5.586,-2.424,-2.55
2016-11,0.044,5.957,-4.55,0.078,-5.604,8.991,0.644
2016-12,0.014,0.036,0.801,-1.614,-3.933,-2.854,-2.048
2017-01,0.0,-1.142,-2.185,1.482,-5.881,1.128,-1.434
2017-02,0.0,-0.814,-1.102,3.018,-3.121,-3.485,0.628
2017-03,0.0,2.989,-1.043,0.152,2.14,1.878,5.802
2017-04,0.001,2.271,0.075,0.793,2.333,9.852,3.365
2017-05,0.0,2.475,3.243,-0.093,1.569,-1.909,3.26
2017-06,0.0,2.553,0.891,-0.255,-4.818,-8.673,1.333
2017-07,0.0,9.909,1.174,-3.083,-7.662,20.641,9.185
2017-08,0.0,-1.048,-2.75,1.023,0.502,11.637,-2.101
2017-09,0.0,-1.503,-4.48,-0.132,-1.266,-3.705,-4.248
2017-10,0.0,-2.799,-1.584,6.35,0.976,-12.983,0.033
2017-11,0.0,3.349,0.462,4.228,2.322,2.833,8.228
2017-12,0.0,5.555,5.53,0.563,0.913,5.712,11.247
2018-01,0.0,0.21,0.47,-2.234,3.835,-0.487,-1.209
2018-02,0.0,-2.913,2.218,-2.935,1.958,-9.008,-1.976
2018-03,0.002,-2.845,-1.625,3.739,1.766,-0.459,-1.779
2018-04,0.035,3.498,-2.456,0.412,-2.26,7.194,3.323
2018-05,0.016,3.896,-1.825,1.003,-0.383,-2.402,5.947
2018-06,0.0,3.036,-1.33,-5.363,2.32,7.49,1.947
2018-07,0.024,-2.162,5.31,2.906,3.037,7.761,1.871
2018-08,0.021,1.698,-1.781,1.148,-1.226,3.183,2.191
2018-09,0.049,1.202,2.46,-3.34,3.149,0.016,1.807
2018-10,0.04,1.64,-2.002,-1.531,-0.204,1.54,-2.295
2018-11,0.069,4.447,3.189,0.32,-0.011,8.835,6.052
2018-12,0.072,1.661,1.35,-0.014,3.655,-6.377,1.47
2019-01,0.077,3.619,0.236,-1.209,-6.832,5.546,0.677
2019-02,0.108,0.991,0.143,-0.399,-4.347,-0.514,3.175
2019-03,0.101,1.943,-1.311,-0.925,-4.947,11.868,3.725
2019-04,0.082,3.415,1.772,0.101,-8.388,3.597,6.843
2019-05,0.073,-5.566,-1.918,4.824,-3.042,1.582,-4.494
2019-06,0.082,-0.675,-3.188,-7.376,4.823,-6.162,-2.863
2019-07,0.051,-1.323,-3.421,-0.555,-0.472,1.483,-2.852
2019-08,0.064,-2.047,0.242,0.717,1.108,-0.762,-1.364
2019-09,0.053,-0.483,4.133,0.907,4.458,-4.749,0.665
2019-10,0.076,7.128,1.585,-1.791,5.903,9.997,8.515
2019-11,0.028,-3.023,-0.662,-4.792,1.196,2.484,-4.468
2019-12,0.012,4.864,1.573,0.465,5.551,4.661,2.292
2020-01,0.0,-6.536,2.515,5.663,-0.283,-16.43,-3.297
2020-02,0.0,-0.74,0.559,-4.374,-1.807,-0.813,-1.741
2020-03,0.0,1.4,-0.758,2.365,-2.232,-2.562,4.307
2020-04,0.0,3.221,3.459,-1.275,-4.871,2.514,6.035
2020-05,0.0,3.758,1.779,-0.554,-2.764,4.49,4.328
2020-06,0.0,4.111,4.71,-3.465,-0.168,-3.189,5.636
2020-07,0.0,-0.8,0.456,-0.89,3.732,-8.878,-0.679
2020-08,0.0,-1.288,-3.277,3.899,6.259,1.0,-1.608
2020-09,0.0,4.389,-2.799,1.251,-5.002,3.073,0.875
2020-10,0.0,-0.123,4.374,5.036,0.986,-12.777,3.3
2020-11,0.0,-4.785,3.864,3.893,-4.233,-1.858,-1.903
2020-12,0.0,-4.173,-0.993,1.691,1.966,-3.655,-4.481
2021-01,0.0,-3.254,-1.384,5.383,-1.075,-7.436,-1.676
2021-02,0.032,2.838,4.325,0.989,-6.655,-2.837,5.736
2021-03,0.03,1.312,-2.581,2.27,3.574,6.02,-1.591
2021-04,0.024,3.669,-1.676,-1.227,-1.554,6.533,2.212
2021-05,0.009,-1.137,1.602,0.307,-1.59,10.692,0.735
2021-06,0.0,1.382,-0.719,-2.161,-3.133,4.028,1.915
2021-07,0.0,3.39,0.595,2.531,-2.492,6.376,6.356
2021-08,0.0,-0.63,-0.419,-3.354,2.797,-1.422,-1.655
2021-09,0.0,2.664,1.377,2.002,-0.62,7.614,2.389
2021-10,0.0,-2.146,3.438,-0.338,1.817,0.643,-1.321
2021-11,0.0,-0.861,0.206,3.483,1.179,5.382,0.747
2021-12,0.0,-0.941,1.633,2.272,5.064,-3.583,0.977
2022-01,0.0,-4.442,-5.897,5.724,-1.947,-7.53,-4.391
2022-02,0.0,2.794,0.392,1.84,-5.48,1.297,5.428
2022-03,0.0,-1.318,-2.29,-4.427,5.441,2.506,-3.627
2022-04,0.0,0.754,-2.956,-0.27,-0.706,8.634,-2.151
2022-05,0.0,2.767,-1.768,-3.676,5.471,1.365,0.269
2022-06,0.0,2.62,-0.376,-1.765,2.31,1.351,2.264
2022-07,0.0,3.561,3.016,4.026,-0.804,6.222,5.641
2022-08,0.0,0.277,-3.307,1.821,1.461,-0.683,-1.245
2022-09,0.0,-1.12,0.012,-1.915,8.297,3.56,-1.303
2022-10,0.0,0.357,-1.105,-2.976,8.988,-10.612,-1.54
2022-11,0.0,-6.556,-1.735,0.751,0.614,-12.128,-6.91
2022-12,0.0,-5.523,1.879,-2.976,1.704,-10.615,-5.06
2023-01,0.0,-4.988,0.751,-1.448,4.879,-17.636,-4.924
2023-02,0.0,-3.588,3.039,1.264,-2.966,-9.103,-1.416
2023-03,0.0,2.419,0.061,3.109,1.144,-1.352,3.812
2023-04,0.0,-3.194,-2.188,2.085,-0.015,-4.797,-4.022
2023-05,0.0,-0.926,-0.621,-6.552,3.003,4.607,-3.477
2023-06,0.0,6.287,1.673,0.254,-2.718,6.833,11.507
2023-07,0.0,-0.832,0.434,0.292,-5.599,-5.994,-1.517
2023-08,0.0,3.871,-2.139,0.813,-7.54,4.754,-1.437
2023-09,0.0,-3.315,-0.162,5.018,-4.75,1.303,-2.782
2023-10,0.0,-0.183,0.666,-5.965,-0.05,-4.909,-1.533
2023-11,0.0,-3.385,6.138,-1.376,-0.339,-8.584,-0.747
2023-12,0.0,-0.758,4.866,1.789,7.504,2.045,1.993
2024-01,0.0,4.313,-1.471,-5.018,5.706,4.484,4.811
2024-02,0.0,-6.727,-1.656,4.953,-4.147,-4.972,-6.487
2024-03,0.0,2.568,-3.32,0.811,1.659,3.342,1.963
2024-04,0.0,1.722,-1.177,2.283,-1.503,5.861,4.193
2024-05,0.0,-1.855,0.642,-1.47,-0.287,-7.294,-2.719
2024-06,0.0,-5.518,2.408,2.912,0.622,-6.758,-3.349
2024-07,0.0,1.01,-1.644,2.998,2.253,0.409,0.236
2024-08,0.0,-1.577,-1.837,0.833,-0.956,-7.85,-2.727
2024-09,0.0,1.701,-5.228,0.51,4.441,-5.492,-0.963
2024-10,0.0,0.794,-0.204,0.705,-3.98,4.621,2.771
2024-11,0.0,7.588,-1.524,-3.262,1.177,7.93,12.985
2024-12,0.0,-0.329,-1.326,-0.395,10.45,-5.323,-1.277
