headline,sentiment
Wayne Enterprises margin expansion on solid quarter,positive
Hooli schedules earnings date in New York,neutral
Initech strong demand amid robust orders,neutral
Acme Corp downgraded to sell after weak quarter,negative
Umbrella Inc profit surges after strong holiday season,positive
Umbrella Inc dividend cut on supply problems,negative
Acme Corp completes debt offering in New York,neutral
Globex weak demand after weak quarter,negative
Acme Corp profit falls after weak quarter,negative
Globex faces lawsuit as costs rise,negative
Wayne Enterprises share buyback as cloud sales grow,positive
Initech wins major contract on solid quarter,positive
Globex faces lawsuit after weak quarter,negative
Acme Corp completes debt offering as planned,neutral
Hooli completes debt offering in New York,neutral
Stark Industries beats estimates after strong holiday season,positive
Umbrella Inc profit falls amid slowing sales,negative
Vandelay schedules earnings date this week,neutral
Stark Industries downgraded to sell on supply problems,negative
Globex dividend cut on supply problems,negative
Umbrella Inc cuts guidance as costs rise,negative
Umbrella Inc share buyback as cloud sales grow,positive
Vandelay weak demand amid slowing sales,negative
Hooli cuts guidance amid slowing sales,negative
Initech misses estimates as costs rise,negative
Acme Corp beats estimates as cloud sales grow,positive
Wayne Enterprises schedules earnings date as planned,neutral
Stark Industries announces conference call in New York,neutral
Globex wins major contract on solid quarter,positive
Stark Industries weak demand on supply problems,negative
Globex completes debt offering in New York,neutral
Umbrella Inc record revenue after strong holiday season,positive
Wayne Enterprises cuts guidance as costs rise,negative
Stark Industries dividend cut amid slowing sales,negative
Stark Industries files quarterly report this week,neutral
Stark Industries dividend cut amid slowing sales,negative
Stark Industries upgraded to buy as cloud sales grow,positive
Wayne Enterprises revenue decline on supply problems,negative
Globex loses key customer on supply problems,neutral
Hooli cuts guidance after weak quarter,negative
Initech faces lawsuit amid slowing sales,negative
Hooli cuts guidance as costs rise,negative
Globex holds annual meeting as planned,neutral
Stark Industries raises guidance on solid quarter,positive
Hooli files quarterly report for next quarter,neutral
Stark Industries share buyback on solid quarter,positive
Hooli weak demand on supply problems,negative
Wayne Enterprises completes debt offering this week,neutral
Vandelay weak demand as costs rise,negative
Initech strong demand as cloud sales grow,positive
Umbrella Inc margin expansion amid robust orders,positive
Stark Industries completes debt offering in New York,neutral
Vandelay wins major contract after strong holiday season,positive
Wayne Enterprises beats estimates as cloud sales grow,negative
Wayne Enterprises revenue decline on supply problems,negative
Initech raises guidance on solid quarter,positive
Hooli record revenue as cloud sales grow,negative
Vandelay misses estimates on supply problems,negative
Umbrella Inc wins major contract as cloud sales grow,positive
Stark Industries loses key customer after weak quarter,negative
Vandelay holds annual meeting for next quarter,neutral
Hooli dividend cut on supply problems,neutral
Wayne Enterprises weak demand on supply problems,negative
Wayne Enterprises completes debt offering as planned,neutral
Globex weak demand after weak quarter,negative
Stark Industries wins major contract amid robust orders,positive
Umbrella Inc dividend increase after strong holiday season,positive
Umbrella Inc upgraded to buy as cloud sales grow,positive
Vandelay profit surges after strong holiday season,positive
Acme Corp dividend increase amid robust orders,positive
Wayne Enterprises dividend increase amid robust orders,positive
Acme Corp profit falls amid slowing sales,negative
Acme Corp record revenue as cloud sales grow,negative
Umbrella Inc raises guidance amid robust orders,positive
Globex record revenue as cloud sales grow,positive
Umbrella Inc strong demand amid robust orders,positive
Wayne Enterprises cuts guidance on supply problems,negative
Globex weak demand on supply problems,negative
Initech holds annual meeting this week,neutral
Hooli share buyback after strong holiday season,positive
Initech appoints new director for next quarter,neutral
Vandelay files quarterly report for next quarter,neutral
Vandelay revenue decline after weak quarter,negative
Acme Corp loses key customer after weak quarter,negative
Hooli margin pressure after weak quarter,negative
Stark Industries margin expansion as cloud sales grow,positive
Acme Corp misses estimates on supply problems,negative
Hooli misses estimates on supply problems,negative
Acme Corp cuts guidance amid slowing sales,negative
Initech wins major contract as cloud sales grow,positive
Umbrella Inc dividend cut on supply problems,negative
Wayne Enterprises schedules earnings date this week,neutral
Umbrella Inc weak demand as costs rise,negative
Stark Industries weak demand amid slowing sales,negative
Stark Industries strong demand amid robust orders,positive
Stark Industries dividend cut on supply problems,negative
Stark Industries appoints new director for next quarter,neutral
Globex dividend increase after strong holiday season,positive
Umbrella Inc strong demand on solid quarter,positive
Stark Industries margin expansion amid robust orders,positive
Initech weak demand amid slowing sales,negative
Globex holds annual meeting for next quarter,neutral
Vandelay upgraded to buy as cloud sales grow,positive
Stark Industries share buyback amid robust orders,positive
Acme Corp announces conference call this week,neutral
Globex weak demand on supply problems,negative
Umbrella Inc loses key customer amid slowing sales,negative
Acme Corp margin expansion amid robust orders,positive
Initech raises guidance on solid quarter,positive
Wayne Enterprises share buyback after strong holiday season,positive
Umbrella Inc margin pressure as costs rise,negative
Vandelay revenue decline amid slowing sales,negative
Acme Corp dividend cut amid slowing sales,negative
Wayne Enterprises dividend increase as cloud sales grow,positive
Umbrella Inc completes debt offering this week,neutral
Stark Industries schedules earnings date this week,neutral
Stark Industries margin expansion after strong holiday season,positive
Globex loses key customer after weak quarter,positive
Umbrella Inc record revenue as cloud sales grow,positive
Hooli revenue decline after weak quarter,negative
Initech beats estimates on solid quarter,positive
Umbrella Inc margin pressure on supply problems,negative
Stark Industries margin expansion amid robust orders,neutral
Acme Corp schedules earnings date this week,neutral
Wayne Enterprises wins major contract on solid quarter,positive
Globex margin pressure as costs rise,negative
Wayne Enterprises loses key customer on supply problems,negative
Wayne Enterprises profit falls after weak quarter,negative
Wayne Enterprises misses estimates on supply problems,negative
Globex profit falls on supply problems,negative
Hooli files quarterly report for next quarter,neutral
Wayne Enterprises files quarterly report as planned,neutral
Hooli strong demand as cloud sales grow,positive
Hooli weak demand as costs rise,negative
Vandelay profit surges after strong holiday season,positive
Globex upgraded to buy amid robust orders,positive
Stark Industries raises guidance amid robust orders,positive
Acme Corp appoints new director this week,neutral
Globex share buyback as cloud sales grow,positive
Hooli strong demand amid robust orders,positive
Globex profit surges amid robust orders,positive
Hooli holds annual meeting in New York,neutral
Stark Industries dividend cut on supply problems,negative
Vandelay schedules earnings date this week,neutral
Hooli margin pressure after weak quarter,negative
Hooli downgraded to sell amid slowing sales,negative
Stark Industries margin expansion amid robust orders,positive
Acme Corp appoints new director this week,neutral
Vandelay revenue decline after weak quarter,negative
Acme Corp dividend increase on solid quarter,positive
Acme Corp record revenue on solid quarter,positive
Globex cuts guidance amid slowing sales,negative
Vandelay weak demand after weak quarter,negative
Globex margin expansion on solid quarter,positive
Wayne Enterprises misses estimates after weak quarter,negative
Vandelay raises guidance after strong holiday season,positive
Umbrella Inc schedules earnings date as planned,neutral
Wayne Enterprises raises guidance after strong holiday season,positive
Wayne Enterprises files quarterly report for next quarter,neutral
Hooli share buyback after strong holiday season,positive
Hooli upgraded to buy as cloud sales grow,positive
Hooli profit falls after weak quarter,negative
Wayne Enterprises record revenue after strong holiday season,positive
Initech record revenue amid robust orders,positive
Acme Corp schedules earnings date for next quarter,neutral
Hooli strong demand after strong holiday season,positive
Initech weak demand on supply problems,negative
Umbrella Inc faces lawsuit amid slowing sales,negative
Hooli profit falls amid slowing sales,negative
Acme Corp downgraded to sell as costs rise,negative
Umbrella Inc downgraded to sell amid slowing sales,negative
Wayne Enterprises margin expansion after strong holiday season,positive
Globex wins major contract after strong holiday season,positive
Initech profit surges on solid quarter,positive
Globex revenue decline after weak quarter,negative
Initech record revenue as cloud sales grow,positive
Stark Industries beats estimates on solid quarter,positive
Vandelay dividend increase as cloud sales grow,positive
Hooli completes debt offering for next quarter,neutral
Umbrella Inc cuts guidance as costs rise,negative
Initech faces lawsuit as costs rise,negative
Stark Industries cuts guidance after weak quarter,negative
Vandelay upgraded to buy on solid quarter,positive
Umbrella Inc record revenue amid robust orders,positive
Acme Corp wins major contract on solid quarter,positive
Vandelay revenue decline amid slowing sales,negative
Vandelay share buyback after strong holiday season,positive
Globex appoints new director for next quarter,neutral
Globex wins major contract after strong holiday season,positive
Globex dividend cut as costs rise,negative
Umbrella Inc margin expansion as cloud sales grow,positive
Initech revenue decline amid slowing sales,negative
Umbrella Inc holds annual meeting in New York,neutral
Hooli appoints new director as planned,neutral
Globex files quarterly report as planned,neutral
Globex dividend increase after strong holiday season,positive
Wayne Enterprises faces lawsuit as costs rise,negative
Umbrella Inc appoints new director this week,neutral
Vandelay appoints new director as planned,neutral
Vandelay margin expansion on solid quarter,positive
Wayne Enterprises wins major contract after strong holiday season,positive
Stark Industries revenue decline after weak quarter,negative
Globex announces conference call as planned,neutral
Vandelay raises guidance after strong holiday season,positive
Globex completes debt offering as planned,neutral
Wayne Enterprises dividend cut as costs rise,negative
Stark Industries profit surges amid robust orders,neutral
Vandelay strong demand after strong holiday season,positive
Hooli faces lawsuit as costs rise,negative
Acme Corp record revenue as cloud sales grow,positive
Vandelay announces conference call in New York,neutral
Umbrella Inc margin pressure on supply problems,negative
Globex misses estimates after weak quarter,negative
Wayne Enterprises weak demand after weak quarter,negative
Initech upgraded to buy as cloud sales grow,positive
Umbrella Inc share buyback amid robust orders,positive
Hooli upgraded to buy amid robust orders,positive
Wayne Enterprises holds annual meeting in New York,neutral
Vandelay faces lawsuit as costs rise,negative
Umbrella Inc dividend cut amid slowing sales,negative
Initech weak demand after weak quarter,negative
Stark Industries margin expansion as cloud sales grow,positive
Hooli loses key customer on supply problems,negative
Wayne Enterprises announces conference call as planned,neutral
Initech share buyback on solid quarter,positive
Initech wins major contract as cloud sales grow,positive
Umbrella Inc wins major contract as cloud sales grow,positive
Wayne Enterprises dividend cut amid slowing sales,negative
Hooli record revenue amid robust orders,positive
Stark Industries misses estimates as costs rise,neutral
Stark Industries weak demand after weak quarter,negative
Vandelay record revenue after strong holiday season,positive
Globex record revenue amid robust orders,positive
Vandelay schedules earnings date this week,neutral
Wayne Enterprises appoints new director for next quarter,neutral
Initech completes debt offering for next quarter,neutral
Stark Industries loses key customer after weak quarter,neutral
Stark Industries profit surges amid robust orders,positive
Acme Corp profit surges after strong holiday season,positive
Umbrella Inc share buyback as cloud sales grow,positive
Initech beats estimates amid robust orders,positive
Hooli files quarterly report this week,neutral
Hooli margin pressure on supply problems,negative
Initech wins major contract after strong holiday season,neutral
Globex strong demand after strong holiday season,positive
Acme Corp share buyback amid robust orders,positive
Umbrella Inc appoints new director this week,neutral
Vandelay margin pressure after weak quarter,negative
Globex weak demand on supply problems,negative
Acme Corp revenue decline after weak quarter,negative
Stark Industries strong demand on solid quarter,positive
Wayne Enterprises completes debt offering as planned,neutral
Stark Industries holds annual meeting as planned,neutral
Acme Corp revenue decline as costs rise,negative
Wayne Enterprises misses estimates after weak quarter,negative
Stark Industries raises guidance as cloud sales grow,positive
Globex downgraded to sell after weak quarter,negative
Globex share buyback on solid quarter,positive
Initech misses estimates amid slowing sales,negative
Vandelay files quarterly report this week,neutral
Initech schedules earnings date in New York,neutral
Umbrella Inc dividend increase on solid quarter,positive
Hooli dividend cut after weak quarter,negative
Globex beats estimates amid robust orders,positive
Hooli weak demand amid slowing sales,negative
Vandelay upgraded to buy after strong holiday season,positive
Globex share buyback amid robust orders,positive
Acme Corp files quarterly report this week,neutral
Umbrella Inc upgraded to buy as cloud sales grow,positive
Wayne Enterprises files quarterly report in New York,neutral
Globex dividend cut amid slowing sales,negative
Wayne Enterprises upgraded to buy as cloud sales grow,positive
Vandelay completes debt offering for next quarter,neutral
Umbrella Inc wins major contract as cloud sales grow,positive
Globex wins major contract on solid quarter,positive
Acme Corp wins major contract on solid quarter,positive
Globex dividend increase as cloud sales grow,positive
Umbrella Inc upgraded to buy as cloud sales grow,positive
Initech wins major contract after strong holiday season,positive
Stark Industries faces lawsuit on supply problems,negative
Vandelay dividend cut amid slowing sales,negative
Stark Industries margin expansion as cloud sales grow,positive
Globex faces lawsuit after weak quarter,negative
Hooli profit surges after strong holiday season,positive
Hooli appoints new director this week,neutral
Hooli faces lawsuit amid slowing sales,negative
Umbrella Inc beats estimates amid robust orders,positive
Initech strong demand as cloud sales grow,positive
Wayne Enterprises margin pressure as costs rise,negative
Stark Industries weak demand amid slowing sales,negative
Hooli schedules earnings date this week,neutral
Hooli holds annual meeting as planned,neutral
Wayne Enterprises completes debt offering this week,neutral
Acme Corp announces conference call this week,neutral
Umbrella Inc holds annual meeting this week,neutral
Globex misses estimates as costs rise,negative
Umbrella Inc revenue decline after weak quarter,negative
Initech share buyback on solid quarter,positive
Globex files quarterly report this week,neutral
Initech completes debt offering for next quarter,neutral
