quarter,t,retail_sales,inflation,fx_rate,index_return,oil_price,energy_stock,gold_price
1996Q1,1,95.12,2.5,1.2,-0.748,51.1,46.41,38.5
1996Q2,2,97.04,2.549,1.1759,-0.654,52.63,45.46,38.99
1996Q3,3,98.02,2.423,1.1362,-2.972,51.0,47.07,37.92
1996Q4,4,105.13,2.501,1.1288,3.648,50.63,46.19,38.87
1997Q1,5,102.46,2.555,1.1414,2.74,50.09,43.36,36.19
1997Q2,6,105.77,2.699,1.1755,1.051,50.02,43.58,38.4
1997Q3,7,107.93,2.635,1.1787,-0.488,49.53,45.43,39.38
1997Q4,8,113.28,1.774,1.1622,5.294,47.45,41.43,39.67
1998Q1,9,110.28,1.564,1.1386,7.179,47.68,43.92,38.67
1998Q2,10,113.41,1.929,1.1611,9.09,47.37,42.3,37.62
1998Q3,11,116.36,1.637,1.2101,2.092,47.76,44.05,37.09
1998Q4,12,121.58,1.468,1.2183,2.081,48.94,45.3,38.25
1999Q1,13,121.34,1.752,1.1813,2.076,50.36,47.57,38.74
1999Q2,14,125.1,1.894,1.1526,1.526,51.19,43.88,39.53
1999Q3,15,128.65,2.422,1.2006,-0.671,47.43,41.23,41.08
1999Q4,16,132.66,2.647,1.2067,0.121,46.06,41.77,42.21
2000Q1,17,131.77,2.39,1.1547,3.745,46.39,44.19,43.64
2000Q2,18,136.92,2.444,1.1522,1.792,47.82,43.92,43.74
2000Q3,19,140.39,1.146,1.1173,0.846,46.47,40.58,42.37
2000Q4,20,145.11,1.101,1.0984,1.263,45.48,42.52,44.65
2001Q1,21,143.31,1.359,1.0838,5.374,48.27,43.57,46.79
2001Q2,22,147.51,0.545,1.0624,6.878,44.63,42.29,44.4
2001Q3,23,149.3,0.864,1.079,6.663,44.32,39.1,44.24
2001Q4,24,152.65,1.361,1.0771,2.553,43.49,40.95,47.91
2002Q1,25,152.87,2.087,1.0594,-0.721,43.06,41.16,50.02
2002Q2,26,154.94,2.346,1.0717,2.342,42.71,38.02,51.78
2002Q3,27,156.24,3.208,1.0966,1.141,43.87,40.31,48.52
2002Q4,28,159.65,3.693,1.0473,3.079,45.5,41.98,48.15
2003Q1,29,159.54,2.634,1.0396,4.084,50.34,45.56,47.18
2003Q2,30,161.41,2.474,1.0102,-0.022,53.23,46.59,47.2
2003Q3,31,162.72,2.385,1.005,5.027,53.35,48.94,47.25
2003Q4,32,166.53,2.43,0.9663,1.985,53.93,47.1,48.98
2004Q1,33,166.47,2.165,0.9669,1.98,55.73,49.74,48.37
2004Q2,34,168.91,2.498,0.9658,0.681,59.96,53.61,48.22
2004Q3,35,170.62,2.809,0.9566,1.394,59.89,53.4,46.99
2004Q4,36,174.83,2.021,0.9252,1.989,60.71,54.34,44.93
2005Q1,37,175.73,2.541,0.9133,1.4,60.65,51.38,45.64
2005Q2,38,180.67,2.214,0.8806,1.159,62.66,52.44,47.43
2005Q3,39,181.74,2.736,0.8399,0.987,60.83,53.98,47.53
2005Q4,40,187.54,2.906,0.8467,6.072,61.26,54.46,49.8
2006Q1,41,188.34,2.721,0.8134,1.005,59.48,54.31,49.31
2006Q2,42,191.52,3.535,0.8485,3.382,60.11,52.85,50.24
2006Q3,43,194.94,3.652,0.87,1.982,61.54,54.07,47.33
2006Q4,44,199.61,3.354,0.81,-4.056,61.16,52.16,48.01
2007Q1,45,200.35,3.227,0.8182,17.275,61.02,54.33,50.77
2007Q2,46,201.36,4.107,0.7852,1.817,62.96,57.12,49.83
2007Q3,47,201.38,4.318,0.7862,0.697,63.01,54.96,50.7
2007Q4,48,206.77,4.266,0.7875,4.66,64.08,56.86,51.43
2008Q1,49,206.16,3.896,0.7278,6.232,63.94,57.61,51.09
2008Q2,50,208.99,3.776,0.7208,-0.466,62.76,56.66,51.56
2008Q3,51,212.88,3.498,0.7131,-0.414,62.35,56.04,51.39
2008Q4,52,217.72,2.537,0.742,-0.535,65.73,58.85,50.42
2009Q1,53,216.07,2.901,0.7066,2.743,65.52,53.4,50.5
2009Q2,54,219.76,2.963,0.7287,2.148,65.83,55.45,50.17
2009Q3,55,225.0,2.214,0.6957,3.382,67.86,59.77,50.42
2009Q4,56,229.17,1.972,0.6858,1.533,68.65,57.93,47.16
2010Q1,57,228.71,1.967,0.6606,0.77,69.69,61.96,46.66
2010Q2,58,234.98,2.222,0.704,2.057,73.38,63.04,48.39
2010Q3,59,242.46,3.044,0.7211,0.652,75.0,63.14,49.51
2010Q4,60,248.12,2.891,0.794,3.245,74.01,65.3,51.45
2011Q1,61,246.93,1.895,0.8133,2.755,75.27,64.47,51.47
2011Q2,62,252.78,2.314,0.8386,2.986,74.61,63.54,53.14
2011Q3,63,260.99,2.26,0.8639,2.795,74.32,65.38,55.71
2011Q4,64,266.05,1.51,0.8457,0.901,76.16,65.69,55.13
2012Q1,65,264.75,0.706,0.8436,-1.849,76.49,64.78,55.1
2012Q2,66,268.76,0.651,0.8841,6.188,76.28,64.75,59.69
2012Q3,67,274.88,1.258,0.8722,6.078,75.66,63.58,59.12
2012Q4,68,278.38,1.202,0.8778,-1.079,76.1,67.86,56.41
2013Q1,69,277.35,1.772,0.8772,4.493,75.92,67.34,58.89
2013Q2,70,284.1,1.802,0.8955,2.248,77.61,67.16,59.26
2013Q3,71,288.13,2.034,0.8845,1.651,78.14,66.7,57.16
2013Q4,72,294.0,2.442,0.88,1.787,78.13,68.1,55.39
2014Q1,73,295.23,2.692,0.8872,0.138,83.0,71.17,56.08
2014Q2,74,302.03,2.145,0.8903,1.489,83.7,72.92,54.1
2014Q3,75,304.31,3.077,0.8644,1.905,82.84,72.04,53.02
2014Q4,76,308.93,2.018,0.8912,2.206,81.2,70.04,50.96
2015Q1,77,315.97,2.029,0.8523,0.532,79.72,68.45,51.22
2015Q2,78,322.83,1.662,0.8163,2.653,77.88,68.04,51.27
2015Q3,79,327.23,2.382,0.7778,0.573,77.96,67.38,48.67
2015Q4,80,333.91,1.797,0.8068,0.682,78.13,65.53,51.08
2016Q1,81,343.72,1.482,0.796,1.973,79.24,68.74,49.7
2016Q2,82,349.89,1.199,0.7668,0.871,77.93,69.52,49.17
2016Q3,83,353.01,0.879,0.7328,-0.398,77.43,66.51,52.43
2016Q4,84,359.52,1.002,0.7454,0.407,76.77,66.75,52.23
2017Q1,85,367.97,1.432,0.7138,0.202,79.45,68.17,51.53
2017Q2,86,376.63,1.238,0.6756,2.097,79.87,69.25,50.76
2017Q3,87,381.09,0.766,0.694,3.153,80.74,69.24,52.1
2017Q4,88,388.49,1.048,0.6581,3.11,82.62,73.95,51.33
2018Q1,89,397.2,1.365,0.6484,0.284,83.17,72.11,48.41
2018Q2,90,409.66,1.938,0.6482,0.956,83.29,71.69,46.52
2018Q3,91,412.99,1.682,0.6349,2.35,82.84,71.68,45.63
2018Q4,92,418.89,1.771,0.6332,-1.527,82.61,71.23,45.47
2019Q1,93,430.49,2.329,0.6734,4.567,82.76,73.0,43.13
2019Q2,94,441.79,1.894,0.6579,5.355,82.61,70.27,43.42
2019Q3,95,447.37,1.97,0.6201,4.122,82.47,70.02,42.75
2019Q4,96,451.15,1.909,0.565,-4.094,85.54,74.12,41.22
2020Q1,97,462.23,1.377,0.5589,3.081,83.74,71.77,40.88
2020Q2,98,474.64,1.574,0.5483,-2.36,80.86,68.95,43.81
2020Q3,99,475.78,2.28,0.5563,5.269,81.63,68.08,43.34
2020Q4,100,477.85,3.314,0.5423,-5.527,83.9,72.12,43.18
2021Q1,101,490.04,2.43,0.528,-6.811,83.71,71.29,44.54
2021Q2,102,510.78,2.836,0.5063,4.21,85.17,74.46,44.3
2021Q3,103,515.45,3.223,0.4907,-2.147,87.86,74.01,45.07
2021Q4,104,518.76,3.56,0.4956,-8.337,87.73,75.7,45.78
2022Q1,105,526.98,3.07,0.4841,-7.138,88.26,75.57,43.88
2022Q2,106,547.3,3.04,0.4872,4.869,87.24,74.0,44.77
2022Q3,107,542.07,2.601,0.5442,-1.934,86.5,75.77,43.86
2022Q4,108,546.43,2.799,0.5586,-2.125,86.11,75.67,43.34
2023Q1,109,553.44,3.235,0.5113,2.37,87.42,74.61,43.32
2023Q2,110,569.05,2.911,0.5633,1.759,89.87,76.68,41.62
2023Q3,111,577.63,2.879,0.5737,4.254,91.12,75.42,42.8
2023Q4,112,571.78,3.143,0.5455,4.116,90.04,78.19,44.1
2024Q1,113,579.25,3.276,0.5727,0.845,89.08,76.14,47.57
2024Q2,114,593.92,2.756,0.5732,0.242,88.75,77.46,46.86
2024Q3,115,605.05,3.28,0.5548,4.277,88.99,75.74,46.4
2024Q4,116,594.94,3.274,0.5358,-0.138,90.1,77.81,49.07
2025Q1,117,600.68,3.122,0.506,-0.993,88.08,76.08,46.55
2025Q2,118,606.96,2.956,0.5074,3.12,86.73,75.07,45.7
2025Q3,119,617.06,3.128,0.5395,0.397,89.65,76.27,48.03
2025Q4,120,612.46,3.406,0.5297,-1.78,90.59,76.76,46.85
