month,y_3m,y_1y,y_2y,y_3y,y_5y,y_7y,y_10y,y_20y,y_30y
2005-01,2.59,2.972,3.244,3.41,3.683,3.744,3.773,3.926,3.878
2005-02,2.385,2.793,3.096,3.322,3.531,3.633,3.742,3.801,3.817
2005-03,2.587,2.991,3.336,3.487,3.687,3.836,3.96,4.019,4.067
2005-04,2.88,3.203,3.464,3.63,3.842,3.901,4.029,4.049,4.097
2005-05,2.956,3.24,3.492,3.664,3.831,3.964,4.063,4.133,4.261
2005-06,2.773,3.007,3.195,3.396,3.581,3.775,3.849,3.935,4.019
2005-07,2.555,2.819,3.023,3.178,3.414,3.518,3.575,3.736,3.712
2005-08,2.661,2.816,3.064,3.175,3.385,3.514,3.538,3.684,3.675
2005-09,2.142,2.337,2.545,2.79,3.003,3.161,3.286,3.441,3.535
2005-10,2.354,2.472,2.702,2.869,3.122,3.314,3.437,3.727,3.794
2005-11,2.29,2.44,2.68,2.746,3.067,3.264,3.429,3.614,3.781
2005-12,1.946,2.112,2.325,2.587,2.835,3.086,3.229,3.528,3.583
2006-01,1.34,1.569,1.821,2.092,2.397,2.608,2.821,3.2,3.216
2006-02,1.746,2.009,2.249,2.456,2.734,2.981,3.217,3.355,3.476
2006-03,1.582,1.98,2.31,2.64,2.984,3.164,3.446,3.582,3.623
2006-04,1.86,2.075,2.407,2.63,3.011,3.256,3.471,3.732,3.853
2006-05,1.67,1.934,2.266,2.559,2.896,3.163,3.425,3.679,3.774
2006-06,2.146,2.274,2.533,2.756,3.148,3.299,3.557,3.931,4.008
2006-07,2.325,2.525,2.861,3.078,3.494,3.582,3.863,4.113,4.15
2006-08,2.341,2.584,2.841,3.082,3.373,3.651,3.773,4.043,4.111
2006-09,2.659,2.866,3.077,3.279,3.558,3.704,3.895,4.035,4.097
2006-10,2.447,2.679,2.879,3.118,3.482,3.637,3.835,4.022,4.2
2006-11,2.513,2.684,2.91,3.05,3.401,3.574,3.75,4.019,4.134
2006-12,2.496,2.607,2.762,2.994,3.349,3.534,3.857,4.126,4.24
2007-01,2.545,2.785,2.912,3.17,3.481,3.805,4.031,4.353,4.426
2007-02,2.851,2.886,3.078,3.28,3.616,3.93,4.209,4.565,4.704
2007-03,2.611,2.688,2.921,3.123,3.542,3.8,4.019,4.376,4.477
2007-04,2.866,3.02,3.187,3.4,3.698,3.917,4.192,4.502,4.512
2007-05,3.085,3.16,3.293,3.458,3.807,4.035,4.337,4.615,4.7
2007-06,2.536,2.539,2.706,2.928,3.291,3.57,3.836,4.227,4.347
2007-07,2.778,2.748,2.779,2.957,3.269,3.484,3.768,4.092,4.229
2007-08,2.669,2.671,2.805,2.903,3.198,3.508,3.737,4.103,4.183
2007-09,2.953,2.802,2.746,2.937,3.166,3.424,3.683,4.046,4.161
2007-10,2.538,2.454,2.483,2.61,2.922,3.207,3.489,3.899,3.973
2007-11,3.581,3.45,3.504,3.65,3.794,4.004,4.157,4.453,4.539
2007-12,3.029,3.041,3.117,3.247,3.526,3.746,3.94,4.169,4.297
2008-01,2.855,2.845,2.859,2.988,3.267,3.407,3.764,3.978,4.054
2008-02,3.06,3.045,3.094,3.219,3.446,3.651,3.937,4.208,4.276
2008-03,3.66,3.572,3.586,3.615,3.938,4.202,4.372,4.763,4.855
2008-04,3.753,3.565,3.477,3.473,3.758,4.012,4.196,4.555,4.658
2008-05,3.775,3.638,3.607,3.645,3.956,4.211,4.536,4.799,4.956
2008-06,3.829,3.619,3.613,3.667,3.917,4.109,4.297,4.633,4.701
2008-07,3.772,3.555,3.544,3.626,3.882,4.091,4.343,4.693,4.716
2008-08,3.374,3.198,3.149,3.309,3.667,3.873,4.158,4.525,4.615
2008-09,3.408,3.278,3.304,3.459,3.818,4.066,4.328,4.706,4.777
2008-10,3.759,3.553,3.615,3.756,4.084,4.368,4.613,5.008,5.099
2008-11,4.024,3.881,3.877,4.065,4.334,4.529,4.831,5.173,5.246
2008-12,4.398,4.287,4.338,4.385,4.622,4.783,5.006,5.293,5.4
2009-01,4.337,4.256,4.171,4.237,4.309,4.481,4.611,4.809,4.864
2009-02,4.412,4.179,4.041,4.039,4.168,4.351,4.498,4.731,4.793
2009-03,4.762,4.417,4.233,4.248,4.27,4.504,4.616,4.787,4.838
2009-04,4.225,3.868,3.752,3.688,3.79,3.909,4.044,4.3,4.351
2009-05,4.796,4.542,4.335,4.339,4.345,4.412,4.468,4.634,4.666
2009-06,4.967,4.683,4.576,4.471,4.499,4.501,4.58,4.686,4.682
2009-07,4.972,4.797,4.676,4.673,4.631,4.69,4.641,4.701,4.619
2009-08,4.921,4.835,4.656,4.556,4.524,4.525,4.526,4.529,4.506
2009-09,4.924,4.853,4.85,4.785,4.742,4.735,4.714,4.7,4.731
2009-10,4.822,4.78,4.77,4.756,4.749,4.65,4.677,4.667,4.679
2009-11,4.668,4.775,4.721,4.749,4.751,4.725,4.761,4.734,4.724
2009-12,4.561,4.689,4.702,4.798,4.748,4.668,4.736,4.682,4.672
2010-01,4.834,4.912,4.934,4.996,5.008,4.98,4.935,4.95,4.963
2010-02,5.045,5.057,5.073,5.056,5.094,5.061,5.028,4.973,4.941
2010-03,5.378,5.242,5.128,5.143,5.107,5.071,5.077,5.07,5.023
2010-04,5.349,5.231,5.128,5.079,5.079,5.027,5.044,5.034,5.004
2010-05,5.168,5.134,5.06,5.005,5.069,5.048,5.098,5.065,5.075
2010-06,5.526,5.269,5.137,5.032,4.989,4.981,4.971,5.009,5.042
2010-07,5.696,5.453,5.316,5.162,5.104,5.035,5.038,4.993,4.987
2010-08,5.376,5.057,4.8,4.671,4.562,4.609,4.675,4.672,4.728
2010-09,5.628,5.231,4.988,4.869,4.746,4.765,4.83,4.843,4.898
2010-10,5.336,4.951,4.69,4.556,4.553,4.533,4.532,4.565,4.613
2010-11,5.147,4.803,4.54,4.431,4.347,4.395,4.429,4.423,4.447
2010-12,4.745,4.482,4.233,4.129,4.095,4.102,4.198,4.225,4.283
2011-01,4.704,4.415,4.218,4.107,4.171,4.249,4.337,4.435,4.476
2011-02,4.88,4.591,4.461,4.386,4.399,4.429,4.539,4.611,4.645
2011-03,4.758,4.622,4.5,4.499,4.524,4.523,4.562,4.656,4.704
2011-04,4.513,4.345,4.252,4.22,4.179,4.253,4.268,4.432,4.434
2011-05,4.703,4.554,4.49,4.39,4.425,4.501,4.56,4.616,4.586
2011-06,4.671,4.535,4.42,4.384,4.444,4.443,4.514,4.586,4.557
2011-07,4.561,4.503,4.453,4.49,4.502,4.477,4.488,4.515,4.448
2011-08,5.049,4.903,4.779,4.701,4.618,4.643,4.583,4.565,4.564
2011-09,4.351,4.35,4.331,4.269,4.316,4.301,4.25,4.221,4.184
2011-10,3.998,4.112,4.201,4.271,4.226,4.239,4.226,4.195,4.179
2011-11,3.838,3.975,4.191,4.215,4.209,4.181,4.186,4.118,4.15
2011-12,3.902,4.103,4.183,4.257,4.279,4.222,4.154,4.128,4.127
2012-01,3.456,3.754,3.932,4.035,4.047,4.041,4.03,3.944,3.922
2012-02,3.39,3.582,3.724,3.766,3.834,3.905,3.956,3.866,3.986
2012-03,3.243,3.491,3.64,3.695,3.755,3.78,3.877,3.836,3.814
2012-04,3.718,3.742,3.769,3.782,3.787,3.81,3.903,3.891,3.905
2012-05,3.515,3.528,3.466,3.5,3.552,3.562,3.645,3.714,3.738
2012-06,3.609,3.59,3.611,3.619,3.616,3.674,3.705,3.722,3.772
2012-07,3.365,3.295,3.454,3.391,3.529,3.619,3.682,3.827,3.868
2012-08,3.278,3.265,3.295,3.304,3.434,3.531,3.596,3.803,3.83
2012-09,3.096,3.12,3.138,3.167,3.302,3.436,3.519,3.586,3.722
2012-10,3.396,3.396,3.345,3.325,3.453,3.526,3.628,3.806,3.75
2012-11,3.871,3.794,3.864,3.947,3.977,4.112,4.147,4.29,4.33
2012-12,4.222,4.203,4.328,4.28,4.303,4.365,4.334,4.402,4.434
2013-01,4.376,4.476,4.54,4.496,4.516,4.449,4.565,4.42,4.489
2013-02,4.083,4.016,4.109,4.073,4.185,4.127,4.224,4.299,4.262
2013-03,3.968,4.08,4.074,4.1,4.234,4.243,4.33,4.354,4.349
2013-04,3.697,3.819,3.965,4.037,4.057,4.148,4.209,4.313,4.34
2013-05,3.606,3.762,3.814,3.885,4.02,4.089,4.163,4.299,4.301
2013-06,3.588,3.819,3.866,3.877,4.038,4.112,4.199,4.277,4.249
2013-07,3.716,3.879,3.89,4.076,4.1,4.188,4.276,4.346,4.386
2013-08,3.598,3.671,3.854,3.866,4.038,4.105,4.166,4.299,4.397
2013-09,3.486,3.63,3.833,3.846,4.049,4.15,4.244,4.296,4.397
2013-10,3.208,3.487,3.698,3.847,4.061,4.217,4.262,4.354,4.47
2013-11,3.284,3.451,3.724,3.834,3.969,4.068,4.184,4.34,4.37
2013-12,3.352,3.461,3.652,3.767,3.994,4.062,4.189,4.357,4.375
2014-01,3.278,3.457,3.613,3.785,3.904,4.09,4.168,4.433,4.485
2014-02,3.3,3.334,3.392,3.545,3.832,3.902,4.083,4.326,4.424
2014-03,3.818,3.755,3.771,3.858,4.101,4.233,4.414,4.669,4.668
2014-04,4.149,4.031,3.992,4.014,4.127,4.304,4.417,4.675,4.768
2014-05,4.422,4.313,4.281,4.238,4.34,4.427,4.564,4.663,4.742
2014-06,4.441,4.281,4.191,4.237,4.275,4.259,4.378,4.487,4.484
2014-07,4.575,4.365,4.252,4.203,4.267,4.287,4.37,4.486,4.537
2014-08,4.846,4.658,4.485,4.517,4.467,4.665,4.726,4.834,4.903
2014-09,4.381,4.207,4.202,4.183,4.287,4.458,4.626,4.782,4.875
2014-10,4.333,4.236,4.171,4.151,4.316,4.379,4.473,4.607,4.653
2014-11,4.621,4.396,4.259,4.293,4.321,4.487,4.504,4.708,4.736
2014-12,4.737,4.637,4.627,4.591,4.671,4.733,4.78,4.823,4.923
2015-01,4.792,4.793,4.805,4.814,4.83,4.873,4.972,5.105,5.082
2015-02,4.716,4.585,4.686,4.768,4.696,4.742,4.748,4.75,4.705
2015-03,4.907,4.824,4.794,4.806,4.79,4.802,4.784,4.772,4.828
2015-04,4.884,4.902,4.945,4.97,5.003,4.885,4.977,4.933,4.927
2015-05,4.571,4.578,4.602,4.624,4.642,4.643,4.686,4.684,4.802
2015-06,4.215,4.409,4.585,4.634,4.763,4.801,4.837,4.825,4.814
2015-07,4.491,4.614,4.737,4.891,5.026,5.065,5.119,5.203,5.25
2015-08,4.95,5.075,5.131,5.254,5.359,5.457,5.523,5.556,5.596
2015-09,4.96,5.144,5.252,5.388,5.467,5.521,5.557,5.636,5.611
2015-10,4.957,5.151,5.309,5.433,5.467,5.606,5.545,5.607,5.63
2015-11,4.771,4.937,5.218,5.353,5.506,5.56,5.606,5.623,5.664
2015-12,4.679,4.886,5.043,5.121,5.261,5.298,5.316,5.337,5.374
2016-01,4.73,4.74,4.834,4.941,5.028,5.156,5.233,5.283,5.304
2016-02,4.346,4.435,4.599,4.674,4.845,4.883,4.987,5.092,5.094
2016-03,4.679,4.688,4.796,4.989,5.005,5.136,5.177,5.166,5.15
2016-04,4.816,4.923,4.951,5.076,5.104,5.161,5.178,5.23,5.268
2016-05,5.089,5.147,5.12,5.261,5.241,5.276,5.331,5.299,5.348
2016-06,5.731,5.548,5.541,5.418,5.404,5.442,5.47,5.483,5.531
2016-07,5.819,5.784,5.758,5.729,5.609,5.626,5.61,5.576,5.52
2016-08,5.449,5.487,5.522,5.466,5.427,5.365,5.351,5.302,5.26
2016-09,5.241,5.287,5.376,5.348,5.378,5.42,5.448,5.404,5.416
2016-10,4.887,4.985,5.068,5.142,5.184,5.309,5.274,5.359,5.35
2016-11,5.432,5.474,5.59,5.622,5.729,5.801,5.821,5.825,5.862
2016-12,5.571,5.609,5.719,5.672,5.714,5.728,5.81,5.749,5.808
2017-01,6.375,6.209,6.152,6.002,6.008,5.956,5.976,5.92,5.928
2017-02,6.518,6.614,6.54,6.533,6.468,6.444,6.422,6.335,6.313
2017-03,6.573,6.582,6.507,6.485,6.448,6.415,6.321,6.229,6.197
2017-04,6.761,6.761,6.73,6.721,6.588,6.552,6.54,6.531,6.511
2017-05,6.531,6.4,6.297,6.107,6.088,6.019,5.993,6.045,6.065
2017-06,6.124,5.921,5.844,5.778,5.713,5.728,5.764,5.713,5.717
2017-07,6.061,5.817,5.742,5.685,5.602,5.579,5.627,5.664,5.682
2017-08,6.41,6.177,6.111,6.019,5.984,5.951,5.955,5.924,5.947
2017-09,6.269,6.047,5.908,5.885,5.833,5.887,5.829,5.916,5.869
2017-10,5.643,5.458,5.369,5.348,5.34,5.39,5.404,5.435,5.492
2017-11,5.655,5.471,5.408,5.383,5.357,5.41,5.425,5.533,5.549
2017-12,5.671,5.473,5.371,5.435,5.394,5.415,5.553,5.67,5.723
2018-01,5.92,5.676,5.609,5.542,5.559,5.6,5.625,5.681,5.731
2018-02,5.749,5.668,5.624,5.622,5.602,5.603,5.589,5.657,5.639
2018-03,5.481,5.239,5.166,5.12,5.083,5.11,5.161,5.251,5.333
2018-04,5.252,5.119,4.96,4.926,4.9,4.999,5.036,5.123,5.144
2018-05,5.364,5.035,4.871,4.769,4.858,4.859,5.013,5.114,5.135
2018-06,5.551,5.193,4.934,4.891,4.888,4.881,4.969,5.085,5.153
2018-07,4.825,4.48,4.314,4.311,4.38,4.413,4.539,4.778,4.798
2018-08,4.537,4.255,4.069,4.09,4.179,4.328,4.428,4.728,4.818
2018-09,4.29,4.065,4.067,4.103,4.28,4.415,4.592,4.877,4.957
2018-10,4.169,3.951,3.831,3.917,4.129,4.267,4.497,4.778,4.995
2018-11,4.177,3.852,3.688,3.677,3.87,4.116,4.299,4.712,4.84
2018-12,4.016,3.53,3.288,3.321,3.609,3.896,4.123,4.596,4.688
2019-01,3.837,3.419,3.149,3.155,3.292,3.661,3.855,4.37,4.487
2019-02,4.388,3.836,3.563,3.459,3.658,3.875,4.196,4.552,4.758
2019-03,4.228,3.587,3.283,3.172,3.398,3.606,3.903,4.288,4.343
2019-04,4.465,3.877,3.528,3.494,3.583,3.81,4.069,4.414,4.518
2019-05,4.53,3.966,3.601,3.559,3.597,3.855,4.018,4.401,4.381
2019-06,4.666,4.039,3.631,3.557,3.569,3.684,3.846,4.171,4.295
2019-07,4.507,3.848,3.51,3.341,3.528,3.611,3.815,4.149,4.192
2019-08,4.438,3.904,3.517,3.501,3.594,3.773,4.025,4.31,4.424
2019-09,4.803,4.059,3.728,3.609,3.632,3.765,3.955,4.296,4.405
2019-10,4.954,4.147,3.783,3.582,3.558,3.755,3.899,4.207,4.22
2019-11,4.906,4.196,3.711,3.51,3.583,3.61,3.791,4.089,4.133
2019-12,4.669,4.082,3.619,3.468,3.529,3.625,3.762,4.022,4.075
2020-01,4.9,4.25,3.982,3.822,3.888,3.925,4.079,4.31,4.357
2020-02,3.934,3.583,3.405,3.381,3.522,3.629,3.854,4.041,4.155
2020-03,4.232,3.978,3.785,3.799,3.913,4.011,4.121,4.416,4.412
2020-04,3.937,3.716,3.554,3.474,3.529,3.678,3.835,4.042,4.07
2020-05,4.242,3.876,3.661,3.544,3.619,3.707,3.744,3.942,4.044
2020-06,3.851,3.643,3.469,3.396,3.378,3.395,3.519,3.528,3.63
2020-07,3.081,2.879,2.688,2.69,2.812,2.878,2.968,3.121,3.192
2020-08,2.662,2.476,2.34,2.354,2.441,2.496,2.641,2.858,2.887
2020-09,3.486,3.125,2.894,2.804,2.825,2.915,3.021,3.19,3.202
2020-10,3.839,3.481,3.171,3.144,3.134,3.221,3.241,3.36,3.46
2020-11,3.819,3.467,3.286,3.291,3.255,3.333,3.42,3.616,3.631
2020-12,3.66,3.356,3.286,3.191,3.307,3.357,3.443,3.528,3.533
2021-01,3.639,3.357,3.264,3.201,3.272,3.344,3.493,3.616,3.743
2021-02,3.721,3.441,3.235,3.219,3.302,3.358,3.53,3.725,3.791
2021-03,3.596,3.385,3.289,3.295,3.435,3.514,3.722,3.86,3.902
2021-04,3.702,3.552,3.488,3.507,3.629,3.73,3.865,4.06,4.128
2021-05,3.452,3.389,3.365,3.413,3.538,3.645,3.776,3.898,3.965
2021-06,3.833,3.664,3.621,3.618,3.724,3.771,3.915,4.015,4.087
2021-07,4.211,4.013,3.84,3.785,3.811,3.908,4.048,4.101,4.131
2021-08,4.303,3.98,3.78,3.724,3.732,3.812,3.937,4.029,4.025
2021-09,3.913,3.606,3.399,3.423,3.543,3.552,3.662,3.787,3.789
2021-10,4.257,4.014,3.869,3.76,3.82,3.91,3.925,4.018,4.053
2021-11,4.531,4.33,4.179,4.148,4.108,4.152,4.223,4.308,4.359
2021-12,4.557,4.426,4.3,4.237,4.231,4.191,4.216,4.27,4.296
2022-01,5.001,4.8,4.65,4.602,4.554,4.519,4.553,4.577,4.563
2022-02,4.918,4.803,4.689,4.611,4.625,4.585,4.564,4.582,4.575
2022-03,5.61,5.336,5.152,4.973,4.922,4.912,4.892,4.925,4.894
2022-04,5.619,5.352,5.113,5.023,4.932,4.977,4.976,4.946,5.011
2022-05,5.735,5.459,5.23,5.116,5.073,5.111,5.136,5.225,5.221
2022-06,6.024,5.787,5.531,5.416,5.216,5.208,5.167,5.109,5.22
2022-07,6.278,5.924,5.695,5.525,5.414,5.328,5.314,5.318,5.325
2022-08,6.023,5.64,5.429,5.273,5.086,5.034,5.05,5.057,5.019
2022-09,5.54,5.378,5.163,5.07,4.924,4.903,4.803,4.753,4.788
2022-10,5.509,5.278,5.085,5.118,5.066,5.011,4.915,4.925,4.918
2022-11,5.317,5.112,4.904,4.81,4.738,4.698,4.645,4.695,4.724
2022-12,4.939,4.716,4.601,4.565,4.551,4.556,4.542,4.583,4.581
2023-01,5.621,5.287,5.113,4.992,4.884,4.877,4.899,4.857,4.807
2023-02,5.226,5.077,4.944,4.788,4.709,4.647,4.594,4.544,4.539
2023-03,5.289,5.01,4.778,4.698,4.523,4.448,4.443,4.408,4.424
2023-04,4.774,4.595,4.444,4.388,4.248,4.218,4.149,4.192,4.226
2023-05,4.914,4.769,4.589,4.418,4.29,4.304,4.338,4.247,4.233
2023-06,4.908,4.794,4.703,4.572,4.451,4.469,4.409,4.339,4.299
2023-07,5.136,4.943,4.794,4.735,4.601,4.588,4.548,4.584,4.548
2023-08,4.965,4.851,4.658,4.562,4.489,4.43,4.395,4.339,4.322
2023-09,4.13,4.07,3.906,3.844,3.809,3.861,3.884,3.879,3.815
2023-10,4.085,3.9,3.76,3.65,3.678,3.687,3.609,3.649,3.652
2023-11,4.376,4.105,3.726,3.715,3.494,3.469,3.466,3.512,3.479
2023-12,4.186,3.886,3.657,3.606,3.53,3.505,3.469,3.477,3.46
2024-01,4.105,3.766,3.61,3.475,3.357,3.382,3.4,3.456,3.425
2024-02,4.199,4.045,3.892,3.772,3.709,3.626,3.68,3.632,3.629
2024-03,3.894,3.636,3.411,3.36,3.24,3.209,3.189,3.216,3.225
2024-04,4.214,3.956,3.726,3.61,3.446,3.346,3.247,3.204,3.215
2024-05,4.505,4.228,4.048,3.819,3.646,3.527,3.425,3.362,3.355
2024-06,4.561,4.473,4.3,4.28,4.087,4.083,3.968,3.855,3.861
2024-07,4.556,4.411,4.331,4.207,4.099,4.03,3.872,3.759,3.692
2024-08,4.723,4.67,4.469,4.317,4.104,4.045,3.899,3.745,3.653
2024-09,5.022,4.977,4.851,4.662,4.462,4.238,4.048,3.834,3.748
2024-10,5.005,5.014,4.99,4.871,4.683,4.427,4.243,4.048,3.95
2024-11,4.761,4.801,4.775,4.675,4.526,4.405,4.241,4.067,3.929
2024-12,4.465,4.508,4.59,4.592,4.45,4.396,4.276,4.088,3.996
